episode,reward,picks_per_hour,dist_per_agent,congestion_rate,norm_picks,norm_distance,norm_congestion,aisle_width,centre_aisle_width,depot_col,shelf_start_row,shelf_end_row,cross_aisle_row
1,0.609803799460281,48.198217778740876,3382.1,0.4162337662337662,0.5443013684617714,0.4527517253583436,0.832358304560728,2,2,17,2,23,12
2,0.6715958937337173,49.84907938424103,3163.4,0.3957765667574932,0.6359823235177279,0.5231173887163977,0.8556879689670266,2,3,17,2,22,12
3,0.6588020246553418,49.04595235406748,3114.9,0.4040055248618784,0.5913804908067071,0.5387220282813983,0.8463035548779201,2,2,15,1,23,13
4,0.6507873869972077,49.077542742864026,3138.0,0.4201101928374656,0.5931348698568993,0.5312897154164186,0.8279375757183054,2,2,15,1,23,13
5,0.6111487725623452,47.9329968860704,3315.1,0.4186827956989247,0.5295722690267791,0.4743086501182413,0.8295653985420155,2,2,13,2,23,12
6,0.690683181150223,49.64510241330094,2914.4,0.40588235294117647,0.6246544184753529,0.6032319299882563,0.8441631949870598,1,2,17,1,23,11
7,0.6537235770816261,49.14116710271587,3185.5,0.40208333333333335,0.5966682623936248,0.5160068209970882,0.8484956478541653,2,2,19,2,23,13
8,0.6420578249062967,49.94828825354235,3342.9,0.42766898294377764,0.641491909455921,0.4653641350686121,0.8193174301943571,2,2,19,1,22,12
9,0.777134789972725,53.036611013345556,2725.4,0.3969410050983248,0.8130025795184328,0.6640417625199079,0.8543600278798343,2,1,17,2,21,13
10,0.6682607037978479,49.37532022228081,2990.3,0.43031609195402304,0.6096720063534595,0.5788114734318944,0.8162986316081899,1,2,15,2,22,12
11,0.7059996883377704,51.20346127796079,3045.8,0.40440653873489696,0.7111982138825069,0.5609546178472031,0.845846233283601,2,2,19,1,23,11
12,0.5985014704023417,47.96567900803671,3440.4,0.4181937172774869,0.5313872777138451,0.4339939833657759,0.8301231501274043,1,2,15,3,23,13
13,0.7121165848229629,51.35184844583124,3010.7,0.4054441260744986,0.7194389272306676,0.5722478724602242,0.8446629547779969,2,2,19,1,23,13
14,0.7702597403439895,51.53996733577876,2581.7,0.3826860841423948,0.7298861503273791,0.7102765399527035,0.8706165307518857,2,3,17,2,21,13
15,0.7314123314388343,49.77599890841871,2570.5,0.40213815789473684,0.631923783542595,0.7138800855842087,0.8484331251896995,2,3,19,1,22,12
16,0.6792147456245512,49.670148696390356,3138.5,0.37404580152671757,0.6260453692047108,0.5311288428435835,0.8804700248253593,2,2,17,2,23,12
17,0.6640391637729512,48.90602428080505,3128.5,0.3795774647887324,0.5836095551007108,0.5343462943002847,0.8741616419178585,2,2,15,2,23,11
18,0.7064613137085385,50.487547555865454,2861.9,0.42021276595744683,0.6714397910318648,0.6201235501359372,0.8278205999578135,2,2,19,1,23,10
19,0.7317953561885521,49.55911463019373,2614.1,0.3782679738562091,0.6198790684083647,0.6998519972329917,0.8756550029242999,2,2,15,1,23,15
20,0.7186284951864225,51.253646156921576,2818.1,0.43786982248520717,0.713985241951464,0.6342159875162883,0.8076842560915153,1,1,13,1,23,13
21,0.7251388353132247,51.17973836688101,2874.4,0.40126050420168063,0.7098807569029179,0.6161017358150608,0.8494340132216952,1,1,15,1,22,12
22,0.6563290300545124,48.85907072415577,3046.6,0.42067988668555245,0.5810019792127394,0.560697221730667,0.8272878892201307,1,3,17,2,22,12
23,0.6122700072368472,48.52329038651843,3360.8,0.4315856777493606,0.5623543457945063,0.45960489696111695,0.8148507789549184,2,2,19,1,23,12
24,0.6698843018486476,49.08202457318399,2988.6,0.41224188790560473,0.5933837692696451,0.5793584401795338,0.8369106960967639,1,3,17,2,23,11
25,0.6933261162080955,49.73241169585687,3042.2,0.36712527154236063,0.6295031582990358,0.5621129003716157,0.8883622899536353,2,2,17,2,23,12
26,0.680577234341768,51.26014983625376,3314.5,0.39823566477630756,0.7143464251848529,0.47450169720564334,0.8528835806348077,2,1,19,1,23,11
27,0.7479213244690085,51.617593602323744,2816.9,0.3788732394366197,0.7341971417700058,0.6346020816910924,0.8749647499459272,2,1,17,1,22,14
28,0.7010665388244608,49.5788888767802,2769.8,0.4161392405063291,0.6209772354542994,0.6497562780521547,0.8324661029669286,1,3,19,2,23,12
29,0.7476640038729895,50.4944708646054,2549.4,0.4003267973856209,0.6718242784748524,0.7206689081578481,0.8504988249862679,1,1,15,1,23,12
30,0.6780370559504854,50.45221488290162,3185.0,0.4021094264996704,0.6694775834239033,0.5161676935699232,0.8484658908576298,2,1,13,1,23,12
31,0.6716708082761393,50.54453003452827,3160.0,0.43040540540540545,0.6746043252652961,0.5242113222116761,0.8161967773514459,1,3,17,1,23,11
32,0.7912139032927019,50.62875327208114,2343.6,0.35036496350364965,0.6792816809146284,0.7868840591367577,0.9074759698267199,2,3,17,1,23,13
33,0.7419217734821957,51.63191247359325,2724.4,0.4214501510574018,0.7349923433719682,0.6643635076655781,0.8264094694090409,1,3,17,1,21,12
34,0.5979430222630386,49.71246006389466,3493.6,0.4897172236503856,0.6283951401180291,0.4168771416161258,0.748556785054961,1,2,23,1,23,12
35,0.7144018741792579,51.25581574933592,3061.8,0.38033898305084746,0.7141057307337864,0.5558066955164813,0.8732931962875063,2,2,17,1,22,14
36,0.6169145223994169,48.992111409807116,3378.6,0.4371761658031088,0.5883904223633809,0.453877833368189,0.8084753114666808,1,3,17,2,23,12
37,0.7157307687129291,50.539488989608614,2929.5,0.3792857142857143,0.6743243697492345,0.5983735782886375,0.8744943581009156,2,2,15,1,22,12
38,0.6945487128936738,49.629930866203196,2834.9,0.4174041297935103,0.6238118633375004,0.6288106690690304,0.831023606274491,1,2,19,1,22,13
39,0.6869497471463288,49.377562430112974,2806.1,0.43322981366459623,0.6097965278486603,0.6380769292643297,0.8129757843259967,2,2,21,2,22,13
40,0.7484620260034547,51.51626600688496,2710.1,0.40264797507788164,0.7285698919191398,0.6689644632486607,0.8478517228425636,2,2,15,1,22,11
41,0.6771676686778891,50.90360898704675,3330.4,0.3853564547206166,0.6945458522822825,0.46938594938948847,0.8675712043618966,2,3,17,1,23,12
42,0.6895858696715613,51.11589061757758,3194.7,0.4013114754098361,0.7063349583848533,0.5130467656569231,0.8493758849729077,2,2,17,1,22,12
43,0.6955745761548523,50.239735244566994,3065.7,0.3792857142857143,0.6576774809152734,0.554551889448368,0.8744943581009156,1,2,17,2,23,12
44,0.6616188720428067,49.71169456418007,3191.4,0.40743243243243243,0.6283526279263985,0.5141085246376345,0.8423954635643873,1,2,15,1,23,12
45,0.6369706682224403,49.45696356311984,3400.3,0.40093085106382975,0.614206086882768,0.44689596370714746,0.8498099540774053,1,3,17,3,23,11
46,0.7724004590299087,51.00668043520665,2535.9,0.3640065146579805,0.7002699473698515,0.7250124676243946,0.89191896209548,2,1,19,2,22,13
47,0.6100226212784419,48.973107157630444,3520.9,0.41423357664233573,0.5873350171229437,0.40809349913933163,0.8346393475730507,1,2,17,1,23,13
48,0.7166524504158387,50.259825123686554,2834.5,0.3900445765230312,0.6587931766819589,0.6289393671272984,0.862224807438259,2,2,15,1,22,10
49,0.635162887486434,49.298139815370355,3218.7,0.4491869918699187,0.605385775821728,0.5053248821608404,0.7947780044767336,2,3,21,1,23,12
50,0.7087619922152177,49.412080296863415,2692.4,0.4096091205211726,0.6117134850179538,0.6746593523270217,0.8399131393006779,1,2,17,3,22,12
51,0.6223549533039926,49.73506111956047,3480.2,0.43037974683544306,0.6296502946154204,0.4211885265681054,0.8162260387284521,1,2,19,2,23,12
52,0.7366752457652151,50.454467891471275,2625.4,0.40584415584415584,0.6696027047403884,0.6962162770869194,0.8442067554683378,1,2,17,2,22,12
53,0.750807936696672,51.50898537065731,2726.6,0.39146706586826346,0.7281655602171108,0.6636556683451038,0.8606025815278017,1,1,17,1,23,13
54,0.6681624858531906,49.21225643041705,3113.2,0.3879598662207358,0.6006162235287168,0.5392689950290375,0.8646022390018177,2,1,19,1,23,12
55,0.7197601637166473,50.812990690288636,2823.7,0.41185410334346506,0.6895133456417206,0.6324142147005357,0.8373529308076858,1,3,19,1,23,12
56,0.7239122399699557,51.30254209764603,3014.8,0.3708563535911602,0.7167006885576738,0.5709287173629767,0.8841073139892167,2,1,15,1,23,13
57,0.7270166204385995,51.92392486551346,3011.0,0.3940217391304348,0.7512093144919114,0.5721513489165232,0.857689197907364,1,1,15,1,23,13
58,0.7021334840682607,49.96477651487009,2840.7,0.4121212121212121,0.6424075886023152,0.6269445472241437,0.8370483163783236,1,2,17,1,23,11
59,0.594520309217753,48.46304262807679,3498.8,0.43641058747579076,0.5590084735448233,0.41520406685864114,0.8093483872497947,2,2,15,3,23,13
60,0.6978869703928612,50.929866495653876,3061.6,0.40796703296703296,0.6960040686818103,0.5558710445456154,0.8417857979511579,2,1,21,1,23,13
61,0.6428818818118263,48.32460297663309,3226.7,0.37921541637990364,0.5513201976653154,0.5027509209954795,0.874574526774684,2,2,19,2,23,12
62,0.6635700810363891,49.301148211209735,3288.0,0.35505319148936165,0.605552847733039,0.4830279435659014,0.9021294518102272,2,2,17,2,23,10
63,0.708729234308145,50.420919317586524,2850.8,0.41413373860182373,0.6677395774592937,0.6236949212528755,0.8347532042122661,1,2,15,2,22,12
64,0.7603322491462577,50.839745900719976,2434.0,0.4163732394366197,0.6909992020193212,0.7577982979681793,0.8321992474512728,1,3,17,2,22,11
65,0.7272834590139741,51.37494633108838,2946.9,0.3846704871060172,0.7207216732664907,0.5927752127539775,0.868353491021454,1,1,15,2,23,12
66,0.6256241488448006,49.526646101475656,3276.6,0.4690721649484536,0.6180759216683731,0.4866958382265407,0.7721006866394879,1,1,21,1,23,12
67,0.6956440216395763,50.62665275230474,3005.3,0.41498559077809793,0.679165028096141,0.5739852962468428,0.8337817405757453,1,2,17,1,23,11
68,0.6461511493254033,48.61973427941525,3259.4,0.37576167907921465,0.5677103781721662,0.49222985473206665,0.8785132150719771,2,2,17,2,23,11
69,0.6480546965217093,48.81083942385089,3300.4,0.3684931506849315,0.5783234435554742,0.47903830375959194,0.8868023422500619,2,2,17,3,23,11
70,0.7169236237748047,49.559737183209485,2646.5,0.40827922077922074,0.6199136420242675,0.68942745451328,0.8414297747868668,2,3,19,1,23,12
71,0.6868676245971437,48.96866986285851,2705.9,0.4418032786885246,0.5870885910014565,0.6703157928604752,0.8031984899294996,1,2,19,2,23,12
72,0.6915607598901613,49.241628331579705,2890.2,0.3907531692766592,0.6022473983900314,0.6110181625134731,0.8614167187669797,2,2,15,1,23,13
73,0.6564404701984601,47.976948012964094,2998.0,0.3911411411411412,0.532013104331189,0.5763340358102347,0.8609742704539568,1,2,17,3,23,11
74,0.7303432491868784,49.76523583668757,2537.3,0.41379310344827586,0.631326054034344,0.7245620244204565,0.8351416691058346,1,2,15,2,23,13
75,0.6453360169850348,47.99158042448431,3011.0,0.41739766081871343,0.5328257184585488,0.5721513489165232,0.8310309835800327,1,2,17,2,23,11
76,0.7220499582554598,50.85275115588073,2988.5,0.361271676300578,0.6917214516675728,0.5793906146941007,0.895037808404706,2,2,15,2,22,13
77,0.6944572204530459,48.68111549948875,2780.7,0.38673139158576053,0.5711191974578588,0.6462492559643507,0.8660032079369283,2,2,19,3,23,12
78,0.7403462614656993,51.00887812751965,2667.2,0.4113924050632911,0.7003919966861019,0.6827673299979087,0.8378794577130874,1,2,17,1,22,11
79,0.6495118595746225,50.24334383051522,3283.8,0.4391025641025641,0.6578778845136326,0.4843792731777158,0.8062784210325195,1,2,19,1,22,12
80,0.6788630494733082,48.95853124406008,2903.5,0.40661764705882353,0.5865255406214056,0.6067389520760604,0.8433246557224587,1,3,17,1,23,13
81,0.7180433113078889,48.90328510103885,2621.7,0.3803630363036304,0.5834574341620453,0.6974067341258989,0.8732657656357226,1,2,17,2,23,14
82,0.711887889900193,51.996951219509306,3088.3,0.41556728232189977,0.7552648487997463,0.5472804491562232,0.8331183717446099,1,1,17,1,23,13
83,0.5865537660877087,48.77917081483922,3636.2,0.4339975093399751,0.5765647205287769,0.3709962838435675,0.8121002938907821,2,2,19,3,23,12
84,0.7147816080576687,49.924881543970564,2839.4,0.37727272727272726,0.6401920127952263,0.6273628159135148,0.876789995464265,2,3,17,1,23,13
85,0.7312668294208994,51.814176934519516,2995.9,0.38175675675675674,0.7451144394912345,0.5770097006161419,0.8716763481553218,1,1,17,1,23,13
86,0.660401927703989,49.5816971145609,3196.4,0.4028925619834711,0.6211331915446837,0.5124997989092839,0.8475727926579997,1,2,17,2,23,12
87,0.6804167834001675,51.48383047913977,3168.3,0.4507978723404255,0.7267685778952897,0.521540837502614,0.792940934802599,1,2,15,1,22,11
88,0.6405208675697314,50.89017415748176,3603.7,0.404,0.6937997461269095,0.3814530010778462,0.8463098555044385,2,1,15,1,23,14
89,0.7590233076262354,52.09634997036877,2774.1,0.38505747126436785,0.7607849798511944,0.6483727739257734,0.8679121691017383,1,1,17,1,22,11
90,0.7857011019111321,51.05821076183619,2348.2,0.38448275862068965,0.7031316951650647,0.7854040314666753,0.8685675791016564,1,1,17,1,23,13
91,0.6633379518527168,48.45840365537126,3004.9,0.39449541284403666,0.5587508471958277,0.5741139943051108,0.8571490140572121,1,2,17,4,23,13
92,0.6534024954075164,49.54878919690677,3282.0,0.39555256064690025,0.6193056432454307,0.48495841443992205,0.8559434285371966,1,2,15,2,23,13
93,0.6588243762739479,48.95668946168409,3056.1,0.416189111747851,0.5864232568402131,0.557640642846801,0.8324092291348294,1,2,17,2,23,13
94,0.6926301891982344,49.1151296737216,2858.5,0.39072327044025157,0.5952222681628284,0.6212174836312157,0.8614508158006592,1,2,17,3,23,11
95,0.713371727024102,50.383730253769585,2826.4,0.4069940476190476,0.6656742747852147,0.6315455028072263,0.8428954034798654,2,1,21,1,23,14
96,0.70904601030006,49.76744186046256,2759.2,0.40732087227414326,0.6314485660401313,0.6531667765962581,0.8425226882637905,1,2,19,1,23,12
97,0.7832705615541746,51.91133954384599,2506.4,0.38778877887788776,0.7505103859407136,0.734503949421663,0.8647973493001475,1,1,15,1,23,12
98,0.6766452091301315,50.15584646896155,2966.0,0.45312499999999994,0.6530186996822749,0.5866298804716783,0.7902870472364414,1,2,19,1,22,11
99,0.672558891664287,51.51864235340095,3228.6,0.456151832460733,0.7287018628350566,0.5021396052187063,0.786835206939098,1,2,15,1,22,10
100,0.7164759786713317,50.96402725687755,2845.7,0.4216417910447761,0.6979011939187111,0.6253358214957931,0.8261909205994908,1,2,17,1,23,15
101,0.6770492433883611,50.28917486752185,2970.2,0.45736994219653176,0.6604231210313234,0.5852785508598639,0.7854460582738962,1,2,19,1,23,14
102,0.6429080907514926,48.783961964521886,3076.5,0.4438920454545454,0.5768307980589948,0.5510770418751306,0.8008164323203526,1,2,21,1,23,13
103,0.678131581331718,49.52609748315256,3085.9,0.38472032742155526,0.6180454540315615,0.5480526375058316,0.8682966524577611,2,1,17,3,22,13
104,0.7118965225799077,49.768660460446846,2613.0,0.44112903225806455,0.6315162412528919,0.7002059168932289,0.8039674095936024,1,2,15,1,22,13
105,0.7103191074789013,49.06095032554303,2492.4,0.4448398576512455,0.5922134063849721,0.7390083814610446,0.7997355345906874,1,2,19,2,23,13
106,0.6729796828008392,50.344330788068035,3102.7,0.4333791208791209,0.6634862169660868,0.5426473190585737,0.8128055123778574,1,2,19,1,23,13
107,0.7223128305534434,50.20596966837488,2622.5,0.4323432343234323,0.6558023023642707,0.6971493380093627,0.8139868512866968,1,2,17,1,23,10
108,0.6459297204054715,49.305055650919115,3228.4,0.41846361185983827,0.6057698482394327,0.5022039542478401,0.8298153587291419,1,2,17,2,23,13
109,0.6674713708304392,49.22073003757706,3016.0,0.4176136363636363,0.6010868071285841,0.5705426231881726,0.8307846821745611,2,2,15,1,23,14
110,0.6797379727679136,50.06111367142612,2989.6,0.43371757925072046,0.6477576933542858,0.5790366950338637,0.8124195299155913,1,2,17,1,23,11
111,0.5707186311999433,49.54534283607445,3866.1,0.4481026785714286,0.6191142488538464,0.2970270748540081,0.7960145698919754,1,2,19,1,23,11
112,0.7036126223379682,48.89911271771028,2743.1,0.3838709677419355,0.5832257199546593,0.658346873441547,0.8692652736176981,2,2,19,2,23,14
113,0.6518989711419811,50.14313469678619,3193.2,0.4535040431266846,0.652312748674869,0.5135293833754283,0.7898547813756465,1,2,15,1,23,12
114,0.6697848568718986,49.365342714931245,2972.8,0.4307580174927114,0.609117903332444,0.5844420134811215,0.8157946538021303,1,2,19,1,23,13
115,0.6715371270301165,49.47538494481047,3041.3,0.41218130311614737,0.6152291222851424,0.5624024710027187,0.8369797878024885,1,2,19,1,23,11
116,0.6890917133056638,48.67657376107924,2732.2,0.4143081761006289,0.570866971036449,0.6618538955293513,0.8345542733511911,1,2,17,1,23,11
117,0.5959226078742618,48.82813872588347,3350.9,0.49222797927461137,0.5792841640222077,0.4627901739032511,0.7456934856973265,1,2,21,1,23,13
118,0.6645757992961827,50.21278932483715,3245.5,0.40879265091863515,0.6561810334556789,0.49670211225688127,0.8408442521759879,1,2,17,2,22,12
119,0.6588665611946273,48.84060878786728,3190.4,0.37253521126760564,0.5799766916020327,0.5144302697833045,0.8821927221985447,2,2,15,3,23,14
120,0.7316557367523376,50.803851539853426,2802.3,0.3861538461538462,0.689005800952627,0.6392995608178761,0.86666184848651,2,3,19,1,23,14
121,0.6731983474553004,51.23239436619415,3287.3,0.42396907216494845,0.7128050191732199,0.4832531651678704,0.8235368580248109,1,2,17,1,23,14
122,0.698878841175712,50.11909650923756,2886.8,0.41519174041297935,0.6509777827486337,0.6121120960087514,0.8335466447697508,1,1,19,2,23,12
123,0.7435088808344025,51.134469800117266,2701.4,0.39953987730061347,0.7073667572913895,0.6717636460159907,0.8513962391958273,1,1,15,1,23,12
124,0.6909688522632701,50.94918312117583,3089.4,0.41926345609065163,0.6970768216433005,0.5469265294959861,0.8289032056505237,1,2,17,2,23,13
125,0.652647268294895,49.728791494898424,3244.5,0.4168848167539267,0.6293021096585811,0.49702385740255134,0.8316158378235528,1,2,17,1,23,14
126,0.57454627854582,48.75290821304069,3695.2,0.4476600985221675,0.5751062212777669,0.3520133202490307,0.7965192941106624,1,2,21,3,23,12
127,0.5807819926857787,49.50189420513224,3791.8,0.44047619047619047,0.6167013197704005,0.32093273917729753,0.8047119191096384,1,3,15,1,23,13
128,0.7229026574062398,50.61484053080439,2687.7,0.43230769230769234,0.6785090338293434,0.6761715545116713,0.8140273838777047,1,1,19,1,23,13
129,0.6766186992280534,49.75699202460354,3148.4,0.38231098430813126,0.6308682321535468,0.5279435659014493,0.8710442996291642,2,2,15,3,23,14
130,0.6894245607503515,51.36895959070817,3068.8,0.44957983193277307,0.7203891983492106,0.5535544794967905,0.7943300044050537,1,2,19,1,23,14
131,0.689124920385507,50.04418583868419,3013.6,0.40142857142857147,0.646817602514668,0.5713148115377809,0.849242347104072,2,2,15,1,23,12
132,0.6904374148603817,49.019137189863756,2733.5,0.4270833333333333,0.5898913048834359,0.66143562683998,0.8199853128577292,1,2,17,2,23,14
133,0.7041244709017069,50.39780242140328,2948.6,0.3975290697674419,0.6664557756475922,0.5922282460063384,0.8536893910511906,1,2,17,1,23,13
134,0.7718258743648926,50.81386783261421,2434.7,0.38468013468013473,0.6895620579298134,0.7575730763662103,0.8683424887986542,1,1,17,1,23,11
135,0.7474744165174818,50.35916824196362,2515.8,0.4037162162162162,0.6643102181659537,0.7314795450523639,0.8466334863341278,1,3,17,2,22,13
136,0.5529098622388908,48.652018316847595,3867.6,0.45102505694760825,0.5695032791488432,0.2965444571355029,0.7926818504323265,1,2,17,2,23,13
137,0.6578049124548042,49.75129908022056,3197.9,0.4175603217158177,0.630552073260292,0.5120171811907787,0.8308454829133421,1,2,17,1,23,12
138,0.6838752372837359,49.16317773206809,2864.6,0.41437308868501527,0.5978906274384422,0.619254838242628,0.8344802461701375,1,2,17,2,23,13
139,0.5685328892888528,48.259070331518984,3326.3,0.5435082872928176,0.5476808280952756,0.4707051044867359,0.6872127352845467,1,2,11,2,23,12
140,0.7438335256201728,50.946733931727756,2725.6,0.3827160493827161,0.6969408053794514,0.6639774134907739,0.8705823579902934,2,1,21,1,23,12
141,0.6690101220134386,50.416298967882646,3117.5,0.4431506849315069,0.6674829853427088,0.5378854909026559,0.801661889794951,1,2,15,1,23,13
142,0.7008068176394993,49.43372744243677,2803.3,0.4003021148036254,0.6129156639127734,0.6389778156722059,0.8505269733335187,1,2,17,1,23,15
143,0.6727080357717902,50.7787640261233,3234.0,0.4182058047493404,0.687612560470751,0.5004021814320876,0.8301093654125321,1,2,17,1,23,13
144,0.7061530689789323,51.49798564387535,2980.6,0.4367405289492495,0.7275546880196084,0.5819324013448947,0.8089721175722938,1,2,17,2,22,13
145,0.7393228779284748,50.78918690898622,2569.1,0.431063122923588,0.6881913975168881,0.7143305287881468,0.8154467074803896,1,2,17,1,23,13
146,0.683640503649281,49.05763223547407,2825.9,0.4207692307692308,0.5920291355378756,0.6317063753800614,0.8271860000299059,1,2,19,1,23,13
147,0.7400656105161687,51.1001812063138,2700.1,0.4072948328267477,0.7054625328446193,0.6721819147053618,0.8425523839985253,1,1,17,1,23,13
148,0.6931601430006022,51.73430196206571,3106.8,0.4468232044198895,0.7406785656813188,0.5413281639613261,0.7974736993591619,1,2,17,1,23,12
149,0.6896013115710711,49.46234367196079,2859.1,0.4154302670623145,0.6145048723867736,0.6210244365438136,0.8332746257826259,1,2,17,1,23,12
150,0.6829045087658162,50.620232683562875,3115.4,0.41712328767123286,0.678808488194905,0.5385611557085631,0.8313438823939806,1,2,17,1,23,12
151,0.7520468518918038,49.78058985610567,2283.8,0.42896678966789664,0.632178742811834,0.8061244188478305,0.8178373940157468,1,3,19,1,22,12
152,0.690379495381007,49.71384536347027,2864.5,0.42410714285714285,0.628472073028521,0.619287012757195,0.823379400357305,1,3,17,1,23,14
153,0.6469413875489834,48.74374255065282,3075.2,0.4316901408450704,0.5745972042416683,0.5514953105645019,0.8147316478407802,1,2,19,1,23,13
154,0.6367787680528603,50.998965282272856,3580.2,0.42577197149643703,0.6998414846888998,0.3890140120010939,0.8214808074685874,1,2,17,1,23,13
155,0.6913114607068033,50.96731154102446,3137.2,0.4057591623036649,0.6980835873466401,0.5315471115329548,0.844303683240815,1,1,19,1,23,13
156,0.6792965824696251,49.10835893699657,2813.8,0.4380804953560372,0.5948462538395713,0.6355994916426697,0.8074440019266342,1,2,19,2,23,14
157,0.6412612650263796,48.41999665607485,3123.9,0.41712707182320435,0.5566179062124064,0.5358263219703672,0.8313395668963652,1,2,15,1,23,12
158,0.7073804387627297,50.03074652563997,2852.4,0.39823008849557523,0.6460712473683097,0.6231801290198034,0.8528899399000763,1,2,19,1,22,12
159,0.6534886248899585,49.802306273906126,3246.2,0.4177718832891246,0.6333847687547153,0.49647689065491224,0.830604215260248,1,2,19,1,23,13
160,0.6518381316708114,48.91967039077639,2939.1,0.46577380952380953,0.5843673947589855,0.5952848248902044,0.7758621753632445,1,2,21,1,23,12
161,0.7140936177094488,49.485099168190885,2678.2,0.40314569536423844,0.6157686037741879,0.6792281333955374,0.8472841159586213,1,2,17,2,23,12
162,0.7284774284243989,50.09750044318135,2653.6,0.4020700636942675,0.6497784405658076,0.6871430639790221,0.8485107807283673,1,2,17,1,23,14
163,0.6436813431157944,49.75346884909071,3249.3,0.44031830238726793,0.6306725718421252,0.49547948070333475,0.8048919768019235,1,2,19,1,23,12
164,0.735164139699844,50.68862991695183,2601.4,0.4279935275080906,0.6826069432921662,0.7039381605830021,0.8189473152243637,1,3,17,1,23,13
165,0.7548490286987467,49.1015936736695,2476.3,0.3342198581560284,0.5944705434826497,0.7441884783063334,0.9258880643072572,2,2,19,2,23,15
166,0.6637256810066509,50.80521254196481,3218.2,0.44758064516129026,0.6890813844982068,0.5054857547336754,0.7966099037880705,1,2,15,1,23,12
167,0.7742007038141527,51.99567189038458,2479.3,0.4234006734006734,0.7551938009810829,0.7432232428693231,0.8241850675920526,1,1,19,1,23,12
168,0.685865060462231,48.88709711642253,2843.8,0.4015625,0.5825584309475358,0.6259471372725662,0.849089613166591,1,2,15,2,23,13
169,0.6744475786608457,50.91786542923137,3261.2,0.4127296587926509,0.6953375868715607,0.4916507134698605,0.8363544356411161,1,2,17,1,23,12
170,0.6876939421088316,50.612846375192575,3041.8,0.42492917847025496,0.6783982879676597,0.5622415984298835,0.8224419399289519,1,2,15,1,23,14
171,0.728713972199661,50.21853598100038,2663.3,0.4046052631578948,0.6565001752442259,0.684022136066022,0.8456196052887353,1,2,17,2,23,11
172,0.7294957666852435,50.295497133730734,2660.3,0.40714285714285714,0.6607742294478116,0.6849873715030323,0.8427256991048866,1,2,17,1,23,12
173,0.7315527569169289,51.25685125684854,2867.4,0.390117994100295,0.7141632378666727,0.6183539518347516,0.8621410810493623,2,2,17,1,23,12
174,0.6391027557328691,49.29282207774686,3321.5,0.40956072351421186,0.6050904541167259,0.47224948118595256,0.839968331895929,1,2,17,1,23,11
175,0.7045890138902247,50.79798994974591,3006.1,0.39957264957264954,0.6886802762827134,0.5737279001303067,0.8513588652576537,1,2,17,1,23,13
176,0.7762589031296414,51.386361203294875,2532.4,0.3733333333333333,0.7213556006546172,0.72613857563424,0.881282533100067,1,2,17,2,22,12
177,0.7279339510966105,50.32078841192947,2707.9,0.3990536277602524,0.6621787860333671,0.6696723025691349,0.8519507646873297,1,2,17,1,23,12
178,0.7358464059598762,51.600878652729776,2777.1,0.4210526315789474,0.7332688734418906,0.647407538488763,0.8268628059489748,1,2,15,1,23,13
179,0.698644589460919,49.875311720695514,2984.3,0.37642857142857145,0.6374391419763337,0.5807419443059152,0.8777526821005082,1,2,17,1,23,13
180,0.6990947980831836,52.71727992547428,3294.2,0.4262086513994911,0.7952684587311083,0.4810331236627467,0.820982811855696,1,1,17,2,23,13
181,0.6352092119711892,49.32340459604163,3295.7,0.42857142857142855,0.6067888608613851,0.48055050594424153,0.8182882691079413,1,2,17,1,23,14
182,0.7439805476985988,50.91696304313949,2799.4,0.36005830903790087,0.6952874726654654,0.6402326217403194,0.8964215486900114,1,1,17,1,23,12
183,0.7002218301164582,49.029947268926016,2696.4,0.4123376623376623,0.590491644953952,0.6733723717443412,0.8368014736510818,1,2,17,2,23,12
184,0.5938223130956808,50.718851052843945,3986.3,0.41056034482758624,0.6842852805872087,0.2583533083444602,0.8388283503553736,1,2,17,1,23,12
185,0.7243078982768589,51.04120513956308,2851.1,0.40327380952380953,0.7021872842670674,0.6235983977091746,0.847138012854335,1,2,17,1,23,14
186,0.7480237692965779,51.544868808306404,2683.5,0.4126984126984127,0.7301583546605694,0.6775228841234857,0.8363900691056786,1,2,17,1,23,12
187,0.6729482027545718,49.50041933713409,2841.3,0.46611445783132527,0.616619412658259,0.6267515001367415,0.7754736954687149,1,2,15,1,23,15
188,0.622504806662635,48.24648115262198,3315.2,0.404046997389034,0.5469816853320046,0.4742764756036743,0.846256259052226,1,2,17,2,23,14
189,0.6470969708841985,48.89485985608055,3181.9,0.40853658536585363,0.5829895363674734,0.5171651035215005,0.8411362727636219,1,2,17,1,23,11
190,0.7378838195641091,50.16016666293075,2611.4,0.3922829581993569,0.6532586225854448,0.700720709126301,0.8596721269805818,1,1,17,2,23,12
191,0.6875061865799341,49.28600233690505,2845.6,0.4161631419939577,0.604711718339282,0.6253679960103602,0.8324388453901603,1,3,19,1,23,12
192,0.6812840891548481,50.255765951715794,3009.3,0.4335714285714286,0.658567749691728,0.5726983156641623,0.812586202108654,1,2,19,1,23,12
193,0.6804630045544101,50.74183976260837,3130.5,0.425207756232687,0.6855619635385142,0.5337028040089444,0.822124246115772,1,2,17,1,23,12
194,0.660697997904606,49.445875169996356,3077.4,0.42907303370786515,0.6135902905808792,0.5507874712440275,0.8177162318889116,1,2,15,1,23,11
195,0.7240212990488049,50.354617703477885,2695.2,0.414576802507837,0.6640575030304139,0.6737584659191455,0.8342479281968553,1,2,19,1,22,12
196,0.6920551797143628,50.266910271194455,2916.3,0.4320175438596491,0.6591866518758046,0.6026206142114829,0.814358273055801,1,2,17,1,23,13
197,0.6907973109445348,48.5962102209168,2856.3,0.37089552238805973,0.5664039645135384,0.6219253229516899,0.8840626453683762,1,2,17,1,23,14
198,0.7233946543681166,49.952849252321386,2658.7,0.406957928802589,0.6417452055061035,0.6855021637361046,0.8429365938621417,2,2,15,1,23,12
199,0.7025941111747598,51.11693298401811,3038.3,0.4112676056338028,0.7063928464297798,0.563367706439729,0.8380217806547704,1,2,19,1,23,14
200,0.7370675799600025,52.43856705812404,3012.3,0.39227642276422764,0.7797900795744785,0.571733080227152,0.8596795800783771,1,1,17,1,23,12
201,0.6629908440227561,49.988265665333934,3117.9,0.43802816901408453,0.6437120636357181,0.5377567928443878,0.8075036755881625,1,2,17,2,23,13
202,0.6975698489292765,50.86937269372408,3071.0,0.4032033426183844,0.6926445323539852,0.5528466401763162,0.8472183742575283,1,2,19,1,23,13
203,0.7128382397460631,49.849771391244964,2813.6,0.3860062893081761,0.636020754275833,0.6356638406718038,0.8668301242905527,1,2,17,2,23,12
204,0.5933995191380452,48.55662472242487,3518.3,0.4384146341463415,0.5642055753233028,0.4089300365180739,0.807062945572759,1,3,17,1,23,12
205,0.7142257578766763,50.98536976417668,2743.1,0.45754716981132076,0.699086454661316,0.658346873441547,0.7852439455271661,1,2,17,1,23,12
206,0.7906093811135768,52.19841757288687,2425.4,0.40531561461794013,0.7664533261546969,0.7605653062209423,0.8448095109650913,1,1,17,1,23,12
207,0.7164935758111735,50.17966282010667,2705.7,0.4228971962616822,0.654341345876031,0.6703801418896093,0.8247592396678801,1,2,17,1,23,13
208,0.6283481985120489,49.928308871448245,3455.2,0.43107769423558895,0.6403823501653586,0.42923215520985825,0.8154300901609302,1,2,19,1,23,12
209,0.7187258283857774,50.17643610136806,2703.6,0.4174603174603175,0.6541621493554582,0.6710558066955165,0.8309595291063573,1,2,17,1,23,12
210,0.6728822613896792,49.709302325578626,3096.6,0.4044321329639889,0.6282197744400908,0.5446099644471614,0.8458170452817856,1,2,19,1,23,13
211,0.6503911633777982,49.932827420933165,3259.0,0.4286649214659686,0.6406332887848437,0.4923585527903347,0.8181816485582164,1,2,17,1,23,13
212,0.666272215223609,49.09314059729718,2996.7,0.42,0.5940011000645018,0.5767523044996059,0.8280632411067195,1,2,17,1,23,12
213,0.7404628717307091,49.78576808623385,2403.6,0.4258928571428572,0.6324663169380171,0.7675793503965509,0.8213429478575593,1,2,19,1,23,12
214,0.7192039817481934,51.42604856511861,2992.3,0.39560439560439564,0.7235596468469382,0.5781679831405543,0.8558843152570879,1,1,17,1,23,12
215,0.6062137395197341,48.99115787263896,3403.6,0.4582262210796915,0.5883374674712405,0.44583420472643615,0.784469546361526,1,2,15,1,23,12
216,0.7364069783427003,51.57986929865661,2766.2,0.4216300940438871,0.7321021144354911,0.6509145605765673,0.8262042600160427,1,2,15,1,23,13
217,0.7222758918191164,51.99210714135489,2941.2,0.4295058139534884,0.754995831875443,0.5946091600842972,0.8172226834976093,1,3,17,1,23,12
218,0.6958387669235536,50.433255716300636,3006.8,0.40463215258855584,0.6684246820206285,0.5735026785283376,0.8455889402216948,1,1,15,1,23,13
219,0.64967609011564,49.33089220663733,3121.3,0.4400826446280992,0.6072046869295509,0.5366628593491094,0.8051607240682599,1,2,15,1,23,12
220,0.6641465716674009,48.079888091321465,2869.7,0.41207951070336385,0.5377299037684619,0.6176139379997104,0.8370958732340307,1,2,17,2,23,11
221,0.6852926660794456,50.14203243837353,2957.8,0.4320175438596491,0.6522515345163629,0.5892681906661732,0.814358273055801,1,3,19,1,23,12
222,0.6893244589311367,50.39680583624704,2992.8,0.42394366197183103,0.6664004300761561,0.5780071105677191,0.8235658361495349,1,2,19,1,22,13
223,0.6563624901257107,49.62392914185867,3116.2,0.4382022471910112,0.6234785562825323,0.5383037595920271,0.8073051545025727,1,2,17,2,23,13
224,0.7624144581646213,50.86314977336054,2494.2,0.39505119453924914,0.6922989411304291,0.7384292401988385,0.8565151931645963,1,2,17,1,23,12
225,0.7226374015887812,50.38192000167848,2787.9,0.3933933933933934,0.6655737420451887,0.6439326909155257,0.8584057718056293,1,1,17,2,23,12
226,0.642796572425603,49.72268937631655,3302.4,0.42616580310880825,0.6289632271880053,0.4783948134682517,0.8210316766205518,1,3,17,1,23,12
227,0.6632819570260164,50.21187648455773,3146.6,0.4400544959128065,0.6561303386740253,0.5285227071636557,0.8051928252403684,1,2,17,1,23,12
228,0.6380961433648038,49.01779078622328,3263.8,0.41509433962264153,0.5898165320670845,0.4908141760911181,0.8336577219362088,1,3,15,2,23,12
229,0.8150431067116957,52.85853658536344,2464.6,0.36212624584717606,0.8031131777817576,0.7479528965106739,0.8940632458426554,1,1,17,1,23,12
230,0.7288183977796241,51.24825750855132,2864.8,0.3976261127596439,0.7136859822028575,0.6191904892134938,0.8535787219225212,1,3,17,1,23,12
231,0.7192814966567986,50.418471632247005,2825.5,0.3933933933933934,0.6676036447264372,0.6318350734383295,0.8584057718056293,1,2,17,1,23,14
232,0.8053470195725261,53.29360024993142,2480.9,0.4042207792207792,0.8272745321586756,0.7427084506362509,0.8460580759226518,1,1,17,1,23,12
233,0.7285704754399005,50.994009384311504,2930.5,0.3673611111111111,0.6995662578275186,0.5980518331429674,0.8880933353492158,1,1,17,1,23,12
234,0.6186267007245406,50.28290601053711,3693.0,0.40682870370370366,0.6600749787076087,0.3527211595695049,0.8430839638965084,1,2,17,1,23,12
235,0.7102180221778133,50.85370808287839,2800.7,0.44542772861356933,0.6917745948146252,0.6398143530509484,0.7990651186678663,1,1,15,1,23,12
236,0.6895397239038112,48.897681153506284,2896.2,0.37762762762762764,0.583146217728059,0.6090876916394524,0.8763852623439224,1,2,17,1,23,12
237,0.678163417611541,49.679019121636706,3081.0,0.39346590909090906,0.6265379901825253,0.5496291887196151,0.8583230739324824,1,2,17,2,23,12
238,0.6665735874884364,48.5070281959552,2838.9,0.4351851851851852,0.5614512215367419,0.6275236884863499,0.8107458524422174,1,2,17,2,23,11
239,0.7624458073393154,50.48573395547856,2350.0,0.41727272727272724,0.6713390723435104,0.784824890204469,0.831173459469967,1,3,17,1,23,12
240,0.7008494688563628,50.808056530305365,3012.7,0.4080381471389645,0.689239326003637,0.571604382168884,0.8417046983965675,1,1,17,1,23,12
241,0.7721057787964883,52.54161825230224,2727.7,0.38541666666666663,0.785513049852809,0.6633017486848667,0.8675025378517895,1,1,17,1,23,12
242,0.705102588860059,50.87457522694394,3030.4,0.3950953678474114,0.6929334561576025,0.5659094930905229,0.856464817332052,1,1,15,1,23,12
243,0.6500192208340332,49.76651100733534,3197.1,0.4390080428954424,0.6313968709110931,0.5122745773073148,0.8063862142836917,1,2,19,1,23,12
244,0.6653064536205916,50.33603967225354,3222.6,0.41933333333333334,0.6630257680624235,0.5040700760927269,0.8288235167066244,1,2,17,1,23,12
245,0.7307483525517466,52.33217362651981,3056.2,0.39133333333333337,0.7738814974203728,0.557608468332234,0.860755091902633,1,1,17,1,23,13
246,0.6432257168749902,49.00552068365452,3104.9,0.44583333333333336,0.5891351092764696,0.5419394797380993,0.798602561610402,1,2,19,1,23,13
247,0.678301935881277,50.12466633422034,3035.4,0.42766853932584264,0.6512871041794641,0.5643007673621723,0.8193179361021947,1,2,17,1,23,13
248,0.6700690983249897,51.06668155925086,3290.5,0.4232283464566929,0.7036021227251186,0.4822235807017261,0.8243815915481246,1,2,17,1,23,12
249,0.630937051891344,51.04168455764578,3631.2,0.4288310115081769,0.7022139088536145,0.37260500957191806,0.8179922372484992,1,2,19,2,23,12
250,0.7843179219720968,52.94002138197101,2744.5,0.36795252225519287,0.8076384535230023,0.6578964302376087,0.8874188821556798,1,1,17,1,23,12
251,0.7333065393344516,49.73436908354224,2602.1,0.3862126245847176,0.6296118622460002,0.703712938981033,0.8665948167763216,1,2,17,1,23,12
252,0.7850952926778868,52.82817502667827,2668.8,0.38181818181818183,0.8014270420766385,0.6822525377648364,0.8716062981921856,1,1,17,1,23,13
253,0.6593845281639584,49.362234027439584,3176.3,0.4005524861878453,0.6089452617026088,0.5189668763372531,0.8502414464520134,1,2,17,2,23,12
254,0.693418588217217,50.66366049674246,3177.6,0.3740310077519379,0.6812202611594169,0.518548607647882,0.8804868958443525,1,1,17,1,23,12
255,0.7358656283499287,53.0201869452488,3046.9,0.41400000000000003,0.8120904653569564,0.560600698186966,0.8349057215058641,1,1,17,1,23,12
256,0.7762329208072314,53.48882410106625,2796.9,0.40116279069767447,0.8381163308061886,0.6410369846044947,0.8495454470110109,1,1,17,1,23,12
257,0.6871781787747504,50.83271831624332,3231.4,0.3835012594458438,0.6906089236008218,0.5012387188108298,0.8696868939125996,1,1,17,1,23,12
258,0.640047034628011,50.542644009368644,3386.9,0.44948849104859334,0.6744995844515792,0.451207348659127,0.7944341707733271,1,2,21,1,23,13
259,0.6351948910906229,48.5802270533594,3151.0,0.43324250681198906,0.565516335858538,0.5271070285227071,0.8129613088906236,1,2,17,1,23,12
260,0.6530015508125939,49.32100308255989,3163.6,0.4189189189189189,0.6066554922926014,0.5230530396872637,0.8292961204579167,1,2,17,1,23,12
261,0.7203485411547624,49.628800976301825,2638.4,0.4049180327868852,0.6237491146583133,0.6920335901932079,0.8452629186127663,1,3,17,1,23,12
262,0.7994472551522986,53.13959522573692,2612.9,0.375,0.8187218299487953,0.7002380914077958,0.8793818441003046,1,1,17,1,23,12
263,0.7223891700102296,51.2302310980869,2916.2,0.3991596638655462,0.712684881612655,0.6026527887260501,0.851829839691984,1,1,17,1,23,12
264,0.676037776009907,50.05707938662532,2901.2,0.4681952662721894,0.6475336484784022,0.6074789659111018,0.7731007136402169,1,2,17,1,23,14
265,0.8291405802384648,53.32025958275586,2359.5,0.37717770034843207,0.8287550639527133,0.7817683113206029,0.8768983654420784,1,1,17,1,23,12
266,0.6969877051567162,52.50626566415722,3447.3,0.37828162291169454,0.7835497362509679,0.43177394186065204,0.8756394373585289,1,1,17,1,23,12
267,0.723887115022334,50.70262657263017,2773.8,0.4097014925373134,0.683384250581829,0.6484692974694743,0.8398077970156991,1,1,19,1,23,12
268,0.6719707954991738,49.17272487108721,2996.2,0.40902578796561606,0.5984208298614732,0.5769131770724409,0.8405783795636077,1,2,17,1,23,11
269,0.6243516377580673,48.94672717320004,3302.0,0.437012987012987,0.5858699990021738,0.4785235115265198,0.8086614027455082,1,2,17,1,23,12
270,0.716781704786468,50.81553517572199,2943.9,0.3859011627906977,0.6896546541886507,0.5937404481909878,0.8669500119797656,1,2,17,1,23,13
271,0.6642762185458007,49.14875462191439,2907.5,0.45312499999999994,0.5970896369075807,0.60545197149338,0.7902870472364414,1,2,17,1,23,12
272,0.791848895090346,52.824413737225605,2667.4,0.3642638036809816,0.80121815805625,0.6827029809687746,0.8916255462460134,1,1,17,1,23,12
273,0.7445524250574753,52.68472151251629,2929.9,0.40782122905027934,0.7934603202504812,0.5982448802303695,0.8419520746915754,1,1,17,1,23,12
274,0.6902142480331691,50.45192791516515,3151.0,0.3796542553191489,0.6694616466088109,0.5271070285227071,0.8740740689679894,1,1,17,2,23,12
275,0.7097756225415692,51.22049433375877,3006.7,0.40633423180592987,0.7121441483072204,0.5735348530429047,0.8436478662745827,1,1,17,1,23,12
276,0.6853587971224747,51.12726063439296,3113.3,0.4359504132231405,0.7069663947191673,0.5392368205144703,0.8098731761337866,1,2,19,1,23,13
277,0.6767551158577738,50.721256411417365,3195.6,0.41559278350515466,0.6844188626939877,0.51275719502582,0.8330892898535137,1,1,19,1,23,12
278,0.6294588310297309,48.903225806448766,3280.8,0.42744063324538256,0.583454141224206,0.48534450861472617,0.8195778432502603,1,2,19,1,23,12
279,0.7377380917797882,51.89936257669651,2943.7,0.3836088154269973,0.7498452424887855,0.5938047972201219,0.8695642356304573,1,1,17,1,23,12
280,0.7321947369195212,51.10580875423308,2866.4,0.38135593220338987,0.7057750599311686,0.6186756969804217,0.8721334538469733,1,1,17,1,23,12
281,0.6585656491248169,48.91399289582221,2987.0,0.4342857142857143,0.5840520938530888,0.5798732324126059,0.8117716211087559,1,2,17,1,23,12
282,0.6701867609001979,51.922351264094786,3494.7,0.4069767441860465,0.7511219241979818,0.4165232219558887,0.8429151365467233,1,1,17,1,23,12
283,0.7414015025387328,50.58042407367489,2715.1,0.3742378048780488,0.6765977084652046,0.6673557375203102,0.8802510616306837,1,1,17,2,23,12
284,0.7907996809351363,52.11036081315762,2501.4,0.3790849673202614,0.7615630750250968,0.7361126751500136,0.8747232926302987,1,1,17,1,23,12
285,0.734209712391343,51.552876690160225,2862.2,0.3990112994350283,0.7306030741051841,0.6200270265922363,0.8519990364766087,1,1,17,1,23,12
286,0.7910285404197244,52.807472755576065,2586.7,0.3883647798742138,0.800277336989214,0.7086678142243529,0.864140470045606,1,1,17,1,23,12
287,0.7322890694451129,52.43198680956021,3025.0,0.40094339622641506,0.7794246440523076,0.5676469168771415,0.8497956474058896,1,1,17,1,23,12
288,0.6751931297399666,51.709068735387646,3451.4,0.3956367924528302,0.7392772329994753,0.4304547867634046,0.85584736945702,1,1,17,1,23,12
289,0.7073470160000883,50.74273216075544,2984.1,0.39583333333333337,0.6856115230619416,0.5808062933350493,0.8556232316032744,1,2,17,1,23,12
290,0.6460615894133841,49.09295201144459,3066.3,0.45352112676056344,0.593990626908534,0.5543588423609658,0.7898352989706527,1,2,17,1,23,12
291,0.659977642182215,50.47373897803524,3273.2,0.42578125000000006,0.6706729286860325,0.48778977172181914,0.8214702261387935,1,2,17,1,23,12
292,0.6489077047705885,50.07616974972501,3278.1,0.4341590612777053,0.6485938359075081,0.48621322050803556,0.8119160578962216,1,2,17,1,23,13
293,0.6872069554184276,51.28289204032811,3340.1,0.37468030690537085,0.7156094183895328,0.4662650214764884,0.8797464263892616,1,3,17,1,23,12
294,0.7635780243805431,52.88474730098823,2773.5,0.41163793103448276,0.8045687955229267,0.6485658210131754,0.8375994566055274,1,1,17,1,22,12
295,0.7612912831675833,53.02365104092616,2965.7,0.3701923076923077,0.8122828446569821,0.5867264040153795,0.8848646008303884,1,1,17,1,23,12
296,0.6844128256105444,49.77876106194419,2994.0,0.4064285714285714,0.6320771803339333,0.5776210163929151,0.8435402801047849,1,3,17,1,23,12
297,0.6844011829597716,52.148427630578446,3500.1,0.3790697674418605,0.7636771239347416,0.4147857981692701,0.8747406267753033,1,1,17,1,23,12
298,0.7715805143258033,53.31823230892933,2791.5,0.40661764705882353,0.828642478863838,0.6427744083911133,0.8433246557224587,1,1,17,1,23,12
299,0.7734340536924019,51.17520066426544,2606.1,0.3496884735202492,0.7096287546101943,0.7024259583983526,0.908247448068659,1,1,17,1,23,12
300,0.7159924722912174,51.41410123315164,3028.2,0.39334239130434784,0.7228961491912576,0.5666173324109972,0.8584639352713975,1,1,19,1,23,12
301,0.7783868862653719,52.42813695673234,2758.1,0.35479041916167664,0.7792108416457897,0.6535206962564952,0.9024291208938309,1,1,17,1,23,12
302,0.7486911985215486,50.77406203514712,2619.7,0.39140625,0.6873514343885135,0.6980502244172391,0.8606719367588934,1,1,17,1,23,12
303,0.7248433742418959,51.299187647632166,3001.6,0.3719676549865229,0.7165143984532011,0.5751757532858223,0.8828399709866647,1,1,17,1,23,12
304,0.7362714433062645,51.251699592095164,2898.5,0.36867977528089885,0.7138771390543045,0.608347677804411,0.8865895130600778,1,1,17,1,23,12
305,0.7928827149237098,50.397653902316144,2347.5,0.33362068965517244,0.6664475276080793,0.7856292530686443,0.9265713640944059,2,1,15,1,22,13
306,0.7482594110236613,53.27503573530349,3133.7,0.3693181818181818,0.8262435478377801,0.5326732195428001,0.8858614656904037,1,1,17,1,22,12
307,0.7362583995871316,51.580036615455334,2945.2,0.3715277777777778,0.7321114064099684,0.5933221795016168,0.8833416128498096,2,1,17,1,23,12
308,0.7344127179736486,51.26621492707312,2935.1,0.3639502762430939,0.7146832513106576,0.5965718054728849,0.8919830971374034,1,1,17,1,23,13
309,0.6975162760589321,49.68010712691296,3005.6,0.36388140161725063,0.6265984127900294,0.5738887727031418,0.8920616426836252,1,1,17,1,23,12
310,0.6876824170577798,51.850803312333255,3361.8,0.39496314496314494,0.7471484932768555,0.4592831518154468,0.8566156060810373,1,1,15,1,23,12
311,0.76846025983495,51.403563060870106,2644.7,0.3630030959752322,0.7223109095224104,0.6900065957754863,0.8930632742069535,1,1,17,1,23,13
312,0.7150707074423795,50.75377929342019,2868.9,0.4085545722713864,0.686225027955362,0.6178713341162464,0.8411157602555304,1,2,17,1,23,12
313,0.7708470712358452,51.47063766849056,2604.0,0.3714733542319749,0.7260359123125648,0.7031016232042598,0.883403678190711,1,1,17,1,23,12
314,0.7149517129710616,51.85770750987855,3029.4,0.41734417344173447,0.7475319193755295,0.566231238236193,0.8310919813014627,1,1,19,1,23,12
315,0.7700704529494606,52.000395139778156,2621.5,0.39437689969604867,0.7554561076541123,0.6974710831550328,0.857284168039237,1,1,17,1,22,12
316,0.7007754058474013,50.06556204553317,2896.0,0.405,0.6480047347690365,0.6091520406685863,0.8451694421045811,1,1,17,1,23,12
317,0.7315025572029201,50.83835551046928,2892.9,0.3626760563380282,0.6909219863970911,0.6101494506201637,0.8934362345915055,1,1,17,1,23,12
318,0.6996831087692794,50.54490042561862,2872.4,0.437874251497006,0.6746248950143257,0.616745226106401,0.8076792051871117,1,2,15,1,23,12
319,0.7601531739441234,52.18655513532037,2791.6,0.3815406976744186,0.7657945431278429,0.6427422338765464,0.871922744827981,1,1,17,1,23,13
320,0.7186837417850802,51.79807082477157,3127.4,0.3769736842105263,0.7442199832151857,0.5347002139605218,0.8771310281795334,1,1,17,1,23,11
321,0.7177515094664035,51.69708119934072,3055.7,0.39473684210526316,0.7386115026015497,0.5577693409050691,0.8568736848925917,2,1,13,1,23,12
322,0.7267384874085032,50.853620311354604,2778.3,0.4082840236686391,0.6917697204041351,0.6470214443139588,0.841424297507416,1,1,17,1,23,12
323,0.6568840057712975,49.896510940269145,3204.0,0.42533333333333334,0.6386164452042216,0.5100545358021911,0.8219810363074797,1,2,17,2,22,12
324,0.6891946377678312,51.53681518254097,3295.0,0.39454094292803976,0.7297110948179647,0.48077572754621056,0.8570970909393184,1,1,17,1,23,12
325,0.7366420043039759,51.449890443945954,2965.6,0.35842541436464087,0.7248837107260281,0.5867585785299464,0.898283723655953,1,1,17,1,23,12
326,0.7294395559577004,51.8705295116527,2854.2,0.42928571428571427,0.748243992007461,0.6226009877575972,0.8174736881080431,1,1,17,1,23,12
327,0.8244255253938415,50.658832133353094,2283.7,0.28136200716845877,0.6809521169579773,0.8061565933623976,0.9861678658611498,2,1,17,1,23,14
328,0.7177073646294307,51.30021119098643,2869.2,0.42814371257485034,0.7165712411539747,0.6177748105725455,0.8187760421617724,1,2,19,1,23,13
329,0.7811519714580799,52.12442351093837,2725.7,0.34186746987951805,0.7623440499771504,0.6639452389762069,0.9171666254208827,1,1,17,1,23,12
330,0.7070136428754417,50.965427764631265,3014.7,0.39892183288409705,0.6979789714186518,0.5709608918775438,0.8521010653301296,1,1,17,1,23,12
331,0.6859853779301661,51.01167637397232,3168.9,0.412987012987013,0.7005473979059303,0.5213477904152121,0.836060945469356,1,1,17,1,23,12
332,0.863654901575627,53.7086696704442,2222.4,0.3439781021897811,0.8503255018828185,0.8258795707919756,0.9147596320520867,1,1,17,1,23,13
333,0.7421677434229939,51.29275931953303,2833.3,0.37356321839080464,0.7161573998667793,0.6293254613021024,0.8810203691000997,1,1,17,1,23,13
334,0.699530357394952,50.98257078558299,3075.6,0.40226063829787234,0.6989310127818783,0.5513666125062338,0.8482934468967438,1,1,17,1,23,12
335,0.7244369991560353,51.2120461637498,2929.0,0.3892757660167131,0.7116749773650182,0.5985344508614726,0.8631015692416154,1,1,17,1,23,13
336,0.7111315482561817,50.81995234121008,2878.2,0.4195156695156695,0.6898999624260216,0.6148791042615145,0.8286155780810094,1,1,17,1,23,11
337,0.7139655695140765,51.71853936453605,3054.2,0.4061643835616438,0.7398031864303466,0.5582519586235742,0.8438415634883089,1,1,17,2,23,13
338,0.7439257799649059,51.447320452057134,2790.7,0.38848396501457727,0.7247409856725966,0.6430318045076495,0.8640045497144716,1,1,17,1,23,13
339,0.7181434486041497,51.37495337114372,3017.7,0.3887399463806971,0.7207220642374811,0.5699956564405334,0.8637126251344348,1,1,17,1,23,13
340,0.7472911274831386,51.559805137822934,2877.7,0.36056338028169016,0.730987846939355,0.6150399768343495,0.8958455586757115,2,1,17,1,23,13
341,0.6784224958075421,49.9599679743767,3009.5,0.4266381766381766,0.642140545269676,0.5726339666350283,0.8204929755179221,1,2,15,1,23,12
342,0.7139794856148707,51.68924648112616,3121.1,0.3858267716535433,0.7381763998369618,0.5367272083782435,0.867034848629407,1,1,17,1,23,12
343,0.737794306774985,51.47103395658225,2801.3,0.40277777777777773,0.7260579202571448,0.6396213059635462,0.8477036941042645,1,1,17,1,23,12
344,0.7184658105889263,50.854992830952106,3015.9,0.36307901907356943,0.6918459435757884,0.5705747977027396,0.892976690488251,2,1,17,1,23,12
345,0.6884713236790451,49.996615054301515,2965.7,0.41434540389972147,0.6441757487514971,0.5867264040153795,0.8345118182702588,1,1,19,1,23,12
346,0.7694667215421243,51.81137421574322,2643.8,0.38046875,0.7449587898999497,0.6902961664065892,0.8731452083198341,1,1,17,1,23,14
347,0.7183719307632818,51.72192263515202,3022.1,0.40379403794037944,0.7399910770931686,0.5685799777995849,0.846544737397092,1,1,17,1,23,12
348,0.7151748702183047,51.70677112478722,3145.6,0.37662337662337664,0.7391496346995983,0.5288444523093258,0.8775305236459905,1,1,17,1,23,12
349,0.7387750671888134,52.841876436806224,3137.1,0.3722149410222805,0.8021879528410293,0.5315792860475217,0.8825579626778892,2,1,17,1,23,12
350,0.799167654964948,53.02372442247934,2501.7,0.4014657980456026,0.8122869199173531,0.7360161516063126,0.8491998933711782,1,1,17,1,23,12
351,0.8206706981106373,52.73110272865096,2426.0,0.35200668896321075,0.7960361110846226,0.7603722591335402,0.9056037241137492,2,1,17,1,23,12
352,0.7576303989329928,52.3561281864801,2883.8,0.3704225352112676,0.775211819070466,0.6130773314457617,0.8846020462827507,1,1,17,1,23,12
353,0.7548466253043866,52.2155230165539,2800.4,0.3944281524926686,0.7674032806553193,0.6399108765946493,0.8572257186631914,1,1,17,1,23,12
354,0.7528114948885732,51.18808661425908,2589.3,0.40930599369085174,0.7103443786202772,0.7078312768456104,0.8402588291998322,1,1,17,1,23,13
355,0.7237454044563568,50.5913259177488,2937.1,0.35858234885337037,0.6772031447254199,0.5959283151815447,0.898104753462106,2,1,17,1,23,13
356,0.8080461799276627,52.363035697895995,2567.8,0.3272870662460568,0.775595429205658,0.714748797477518,0.9337943130998122,2,1,17,1,23,12
357,0.743608567530941,50.7981303465889,2657.4,0.3953125,0.6886880732516472,0.6859204324254757,0.8562171969157002,1,1,17,2,23,12
358,0.7338539762596601,52.237671397639616,3074.7,0.37334217506631295,0.7686332957723443,0.5516561831373369,0.8812724498692991,1,1,17,1,23,12
359,0.7622457179750184,51.48950894963402,2780.2,0.345307917888563,0.7270839329780148,0.6464101285371857,0.913243092409855,2,1,17,1,23,13
360,0.6994999735742171,52.06761164403015,3368.9,0.3724304715840387,0.7591889907042809,0.45699876128118905,0.8823121687371813,2,1,17,1,23,13
361,0.7230107954918099,51.60654183455509,3077.4,0.3703703703703704,0.7335833794650911,0.5507874712440275,0.8846615357663112,2,1,17,1,23,12
362,0.7668778447121245,52.073578595315006,2829.9,0.34754335260115604,0.7595203666298856,0.6304193947973808,0.9106937727091075,2,1,17,1,23,13
363,0.7594094176705242,50.302462298711006,2647.8,0.3323170731707317,0.6611610413861269,0.6890091858239088,0.9280580258015372,2,1,17,1,23,13
364,0.7188275882292958,50.92391561981231,3047.5,0.3565683646112601,0.6956735855094134,0.5604076510995639,0.9004015280789104,1,1,17,1,23,13
365,0.7615568978011262,50.92430171366642,2580.3,0.375993640699523,0.6956950273148126,0.7107269831566415,0.8782486829319248,2,1,17,1,23,12
366,0.667208085801607,49.749988898260845,3250.6,0.37789203084832906,0.6304793120227881,0.4950612120139637,0.876083733368069,1,1,17,2,23,12
367,0.7753863083369427,52.718422572392214,2893.1,0.3387323943661972,0.7953319158739596,0.6100851015910297,0.9207419075458388,2,1,17,1,23,12
368,0.7185750755304725,50.93862883452523,3073.8,0.3505291005291006,0.6964906870594947,0.5519457537684399,0.9072887857634828,2,1,17,1,23,13
369,0.7493499915563151,52.08139220341759,2957.5,0.35803324099722994,0.7599542970398555,0.5893647142098742,0.8987309634192155,2,1,17,1,23,12
370,0.7184523397835245,51.4714980114864,2960.9,0.40865384615384615,0.7260836916462605,0.5882707807145958,0.8410025469897173,1,1,17,1,23,13
371,0.7552237846030228,50.94321138166883,2647.5,0.37461538461538463,0.6967451798027473,0.6891057093676098,0.8798204646387113,2,1,17,1,23,12
372,0.7186621878674356,50.65744786544611,2872.6,0.393371757925072,0.6808752413414247,0.616680877077267,0.8584304451836152,1,1,17,1,23,13
373,0.7132346745648891,51.51320269349792,3108.8,0.3826834104428288,0.7283997701499835,0.5406846736699858,0.8706195798746981,2,1,17,1,23,12
374,0.7370438416849683,51.15187270196461,2784.3,0.3940058479532163,0.7083332311961635,0.6450909734399382,0.8577073204188035,1,1,17,1,23,13
375,0.7799000787371491,51.80989042234164,2685.5,0.3411854103343465,0.7448763871136048,0.6768793938321455,0.9179444552656969,2,1,17,1,23,14
376,0.6769067407570795,52.10787853047044,3442.2,0.4131455399061033,0.7614252209210813,0.43341484210356973,0.8358801592465874,1,1,17,1,23,13
377,0.7285021524716828,51.552391918766304,2811.3,0.42836257309941517,0.7305761522213445,0.636403854506845,0.8185264506868589,1,1,17,1,23,12
378,0.6941123204303641,50.94401998236558,3188.2,0.38286826735885787,0.6967900856167113,0.5151381091037789,0.8704087665706021,2,1,15,1,23,13
379,0.7544769461939076,51.89619104823569,2845.6,0.3670977011494253,0.7496691109721846,0.6253679960103602,0.8883937315991781,2,1,17,1,23,14
380,0.761978167991723,51.08955463850972,2698.1,0.34969788519637457,0.7048723841113765,0.6728254049967021,0.9082367148670906,2,1,17,1,23,13
381,0.8449798294113481,53.98110661268315,2454.7,0.3408333333333333,0.8654553461858023,0.7511381734528081,0.918345968595434,2,1,17,1,23,12
382,0.676219626170625,51.49188111846807,3480.6,0.37412177985948475,0.7272156718854648,0.4210598285098373,0.880383378116573,1,1,17,1,23,12
383,0.746125327337289,51.80436477006729,3011.3,0.3378469871360867,0.7445695188236575,0.572054825372822,0.9217516378153874,2,1,17,1,23,14
384,0.7297328279762008,51.93302288714668,2979.2,0.3962912087912088,0.7517145750841221,0.5823828445488328,0.8551010642956474,1,1,17,1,23,12
385,0.7597738249469399,50.88895939780273,2645.1,0.36068111455108365,0.693732284186329,0.6898778977172182,0.8957112929372726,2,1,17,1,23,12
386,0.7752193788486891,50.90713927358617,2487.1,0.36551155115511547,0.6947419075060981,0.7407136307330963,0.8902025983068729,2,1,17,1,23,14
387,0.715314433433784,52.163056842898776,3116.6,0.4066579634464752,0.7644895603938462,0.538175061533759,0.8432786783737469,1,1,17,1,23,12
388,0.7423771748149264,52.24759057877371,2880.3,0.40625,0.7691841596344131,0.6142034394556071,0.8437439253547593,1,1,17,1,23,12
389,0.7622997769049891,52.82326739158626,2977.7,0.3543956043956044,0.8011544955041081,0.582865462267338,0.9028793729435212,2,1,17,1,23,12
390,0.7993285011285913,51.875288847805884,2497.8,0.3462171052631579,0.7485083027664625,0.737270957674426,0.9122062429448856,2,1,17,1,23,12
391,0.7620049914129702,52.81315492503341,2971.4,0.35645604395604397,0.8005928974946516,0.5848924566850596,0.9005296200591995,2,1,17,1,23,12
392,0.7802630622533215,50.54980820643727,2476.8,0.33774834437086093,0.6748974496798166,0.7440276057334984,0.92186413134665,2,1,17,1,23,12
393,0.763867984218134,51.317337756208744,2632.9,0.37421383647798745,0.7175223686447216,0.6938031884943935,0.8802783955152869,2,1,19,1,23,12
394,0.796067311515644,52.25069368772,2640.5,0.3328173374613003,0.7693564914585289,0.6913579253873007,0.9274875177011025,2,1,17,1,23,12
395,0.7434526577356805,51.14944264869985,2874.7,0.35152374202693126,0.7081982776643793,0.6160052122713598,0.9061544832713024,2,1,17,1,23,13
396,0.7400460100582751,51.29299068241462,2903.1,0.3594632768361582,0.7161702486542716,0.6068676501343285,0.8971001313862254,2,1,17,1,23,12
397,0.7610188527212955,50.776538759556935,2571.8,0.37261146496815284,0.6874889798123975,0.7134618168948375,0.882105761456652,1,1,17,1,23,12
398,0.7574374143318686,52.05130096636926,2779.3,0.38556851311953355,0.7582831737050981,0.6466996991682887,0.8673293701222192,1,1,17,1,23,12
399,0.7932443701690766,53.189189189186536,2684.7,0.3734756097560976,0.8214760413974851,0.6771367899486816,0.8811202791610628,2,1,17,1,23,12
400,0.7292417221662952,51.2996852780016,3005.8,0.35923653715064763,0.7165420344630169,0.5738244236740077,0.897358708361861,2,1,17,1,23,12
401,0.7669082029766447,52.19982879064629,2814.8,0.3578717201166181,0.7665316984371129,0.6352777464969996,0.898915163995822,2,1,17,1,23,12
402,0.7563143717206368,51.37939189536303,2830.0,0.34149855907780974,0.7209685586365934,0.6303872202828139,0.9175873362425031,2,1,17,1,23,12
403,0.7471526995479947,53.68165133240858,3181.6,0.37851662404092073,0.8488250326570046,0.5172616270652016,0.8753714389217777,1,1,17,1,23,12
404,0.7557279848245049,52.17721038993597,2836.4,0.3800872093023256,0.7652755806789363,0.6283280513505252,0.873580322444053,2,1,15,1,23,12
405,0.7782587237708904,52.34163252442213,2793.1,0.34104046242774566,0.7744067993539645,0.6422596161580412,0.9181097558006659,2,1,17,1,23,13
406,0.7286392080027204,51.12475224661526,3010.6,0.3509485094850949,0.7068270908633236,0.5722800469747912,0.9068104861700468,2,1,17,1,23,12
407,0.7848130489518175,52.821118414862084,2794.1,0.3468660968660969,0.8010351516185823,0.6419378710123711,0.9114661242244992,2,1,17,1,22,12
408,0.7098870616725201,51.552502562111016,3184.6,0.3720180528691167,0.730582296823339,0.5162963916281913,0.8827824965660304,1,1,17,1,23,12
409,0.768776037230674,52.08991420244687,2878.7,0.3295774647887324,0.7604275680926118,0.6147182316886793,0.931182311910731,2,1,17,1,23,12
410,0.7421142147831266,50.424904983556445,2662.7,0.3795731707317073,0.6679609222779259,0.6842151831534242,0.8741665389180296,2,1,17,1,23,12
411,0.7365228633647216,50.75332119756493,2948.4,0.32967032967032966,0.6861995875033111,0.5922925950354723,0.9310764075553813,2,1,17,1,23,13
412,0.755163956748075,51.01535094776562,2700.4,0.3633610900832703,0.7007514661534872,0.6720853911616608,0.892655012929077,2,1,17,1,23,12
413,0.7824202306399676,51.9642024383177,2668.3,0.34692307692307695,0.753446138178237,0.6824134103376714,0.9114011434039945,2,1,17,1,23,12
414,0.7674507102305232,52.35618148565657,2717.3,0.39156626506024095,0.7752147790517183,0.6666478981998358,0.8604894534400155,1,1,17,1,23,12
415,0.7707384472676493,51.35736833360773,2628.0,0.35947204968944096,0.7197454753879841,0.6953797397081771,0.8970901267067867,2,1,17,1,23,12
416,0.810564978197921,54.451958737180355,2908.6,0.32623626373626374,0.8916042203980362,0.6050980518331429,0.934992662362584,2,1,17,1,22,12
417,0.7290138930115422,52.12908706522601,3070.4,0.382,0.762603041469606,0.5530396872637183,0.8713989503013024,1,1,17,1,23,12
418,0.7693257677023826,51.35861707026857,2640.9,0.35960960960960964,0.7198148242475723,0.6912292273290326,0.896933251530543,2,1,17,1,22,12
419,0.7172827506290094,50.44974808259894,2932.6,0.36995827538247567,0.6693405891374477,0.5973761683370602,0.8851314944125205,2,1,17,1,23,13
420,0.7801706894266993,51.37656376052202,2561.7,0.35429936305732485,0.7208114975586769,0.7167114428661058,0.9029891278553155,2,1,17,1,23,13
421,0.7840743057468047,50.534209862148785,2382.4,0.3535958904109589,0.6740311922679928,0.7744003474847573,0.9037913774876644,2,1,17,1,23,13
422,0.7143161232574952,51.31951807228632,3036.5,0.3908045977011494,0.7176434529679927,0.5639468477019353,0.8613580691025576,2,1,17,1,23,12
423,0.7944729017843243,51.08863905993769,2564.9,0.3017515923566879,0.7048215372580532,0.7156818583999613,0.9629153096949584,2,1,17,1,23,12
424,0.7676163534387505,51.20242378337178,2753.6,0.32470414201183434,0.7111405963969047,0.6549685494120108,0.936739914507336,2,1,17,1,23,13
425,0.8001485853679483,51.939737657003256,2523.2,0.340032154340836,0.7520874812752777,0.7290986309744052,0.9192596438541624,2,1,17,1,23,13
426,0.6989958647779502,51.72143056971608,3242.4,0.3925879396984925,0.7399637501331333,0.4976995222084586,0.8593243219922589,2,1,17,1,23,12
427,0.7467615456274663,51.766820540052024,2867.2,0.37499999999999994,0.7424844919182089,0.6184183008638857,0.8793818441003046,2,1,17,1,23,13
428,0.7626719548039202,51.60743065569335,2759.5,0.3557692307692308,0.7336327403385636,0.6530702530525571,0.9013128710206401,2,1,17,1,23,12
429,0.7321210079549012,53.20602518725508,3293.8,0.3632425742574258,0.8224110321787242,0.4811618217210146,0.8927901699649651,2,1,17,1,23,13
430,0.7277665957524366,50.90867396663138,3032.7,0.3364864864864865,0.6948271370151219,0.5651694792554818,0.9233031709867063,2,1,17,1,23,13
431,0.679195861921339,50.64911725188191,3342.0,0.3643552311435523,0.6804125989217191,0.4656537056997152,0.8915212811425828,2,1,17,1,23,12
432,0.7513130425688029,50.86039251137646,2731.6,0.35714285714285715,0.6921458159918967,0.6620469426167532,0.899746369097759,2,1,17,1,23,12
433,0.7218157582242624,51.761591908112614,3102.1,0.37409598948060485,0.7421941187165765,0.5428403661459758,0.8804127898102349,2,1,17,1,23,14
434,0.7383497084833204,51.58122453086207,2936.0,0.36867977528089885,0.7321773775481017,0.5962822348417818,0.8865895130600778,2,1,15,1,23,12
435,0.7519468083461072,51.26613192084928,2681.1,0.3894817073170732,0.7146786415421271,0.6782950724730941,0.8628667110231006,1,1,17,1,23,12
436,0.741542556934973,50.222882615153466,2762.1,0.3431952662721894,0.6567415665087063,0.6522337156738147,0.9156523886223981,2,1,17,1,23,12
437,0.7850253323610074,52.42640856013594,2672.9,0.3612804878048781,0.7791148547683038,0.680933382667589,0.8950277596471293,1,1,17,1,23,12
438,0.7218216392503334,51.268159142284716,3075.1,0.3576691225720026,0.7147912237214517,0.5515274850790688,0.8991462089504798,2,1,17,1,23,12
439,0.6868368369280583,50.487113749828445,3179.2,0.3822963438101347,0.6714156995201054,0.5180338154148099,0.8710609958492599,2,1,17,1,23,13
440,0.7699917551706432,50.468228544638364,2547.8,0.34076433121019106,0.6703669055797256,0.7211837003909203,0.918424659541284,2,1,17,1,23,13
441,0.7251276684532358,51.17168445493467,2989.0,0.3685655456417296,0.7094334811671947,0.5792297421212657,0.8867197820712472,2,1,17,1,23,12
442,0.7399145397786224,51.34494941384022,2907.8,0.3610133708655876,0.7190557880021636,0.6053554479496789,0.8953323833840251,2,1,17,1,23,12
443,0.6700548643103956,50.88784310980963,3334.2,0.40222772277227725,0.6936702908920493,0.4681633178359421,0.8483309842031957,1,1,17,1,23,12
444,0.7439156099012684,51.24398849043483,2844.0,0.36357142857142855,0.7134489013616975,0.6258827882434324,0.8924151400986754,2,1,17,1,23,13
445,0.7610157558743286,51.53105280637407,2663.1,0.38360402165506574,0.7293910800156258,0.6840864850951561,0.8695697025122039,2,1,15,1,23,12
446,0.8809410977244302,53.61620644062981,2020.3,0.3510204081632653,0.8451905364873555,0.8909042647319058,0.9067284919540292,2,1,17,1,23,12
447,0.7834962850430693,51.286864238527805,2411.9,0.38344594594594594,0.7158300152726431,0.7649088656874888,0.8697499741690762,2,1,17,1,23,12
448,0.7213946899915985,51.239196382574,3047.1,0.3652815013404826,0.7131827706188488,0.560536349157832,0.8904649501981148,2,1,17,1,23,13
449,0.7975424979145558,53.234445817879525,2629.2,0.38003095975232204,0.8239893780256812,0.6949936455333731,0.873644470184613,1,1,17,1,23,13
450,0.7360132412173944,52.09772091313928,3105.3,0.3522135416666667,0.7608611154534207,0.5418107816798313,0.9053678265189312,2,1,17,1,23,15
451,0.7760488258264922,52.82252949384477,2833.8,0.3587896253602305,0.8011135161940022,0.6291645887292674,0.8978683725562071,2,1,17,1,23,12
452,0.7557217620342288,51.43381977752561,2847.7,0.34071428571428575,0.7239912228028165,0.624692331204453,0.9184817320954171,2,1,17,1,23,13
453,0.700609839726783,51.027366692251206,3240.2,0.3551637279596977,0.7014187631131333,0.4984073615289329,0.9020033945382829,2,1,17,1,23,12
454,0.7591400390072267,51.13536406580621,2687.5,0.36238532110091737,0.7074164205291574,0.6762359035408053,0.8937677929517174,2,1,17,1,23,12
455,0.714092472066227,51.00289789192286,3051.8,0.37165775401069523,0.700059883013371,0.5590241469731824,0.8831933862121275,2,1,17,1,23,12
456,0.7780043694082608,51.93394126844381,2582.3,0.3813291139240506,0.7517655775873884,0.7100834928653013,0.8721640377720928,2,1,17,1,23,13
457,0.788158286736468,51.624360411553916,2641.8,0.3227554179566564,0.7345729379789895,0.6909396566979294,0.9389622655324854,2,1,17,1,23,12
458,0.7544561238415893,52.08653341128857,2961.1,0.3438356164383562,0.7602398151270059,0.5882064316854619,0.9149221247123003,2,1,17,1,23,12
459,0.740883721116101,50.80766028309487,2747.3,0.37758112094395285,0.6892173203294027,0.6569955438297324,0.876438299189168,2,1,17,1,23,13
460,0.7748005926880153,51.509019110228635,2668.3,0.3448012232415902,0.728167433951476,0.6824134103376714,0.9138209337748987,2,1,17,1,23,12
461,0.7823302801784969,53.46571060856486,2958.6,0.33837689133425036,0.8368327180186929,0.5890107945496372,0.9211473279671608,2,1,17,1,23,12
462,0.7058254819930392,51.664282394959976,3223.6,0.3771428571428571,0.7367900139314505,0.5037483309470568,0.8769381011006101,2,1,17,1,23,12
463,0.7927058486367111,51.78948843400544,2520.4,0.35308441558441556,0.7437433582943076,0.7299995173822814,0.9043746702335442,2,1,17,1,23,12
464,0.764426636497436,51.59824335248491,2689.6,0.37042682926829273,0.7331225214748307,0.675560238734898,0.8845971492825795,1,1,17,1,23,12
465,0.7223537433795142,50.48873778155272,2970.6,0.34779614325068875,0.6715058904719252,0.5851498528015958,0.9104054868650217,2,1,17,1,23,12
466,0.6968934600506083,50.71857708953167,3136.6,0.37913156189241737,0.6842700659756169,0.5317401586203567,0.8746701555558514,2,1,17,1,23,12
467,0.7294893888720164,51.220660962396174,2962.7,0.36689655172413793,0.7121534020645104,0.5876916394523898,0.8886231250991494,2,1,17,1,23,12
468,0.768196209110482,52.8648578866939,2812.4,0.38754578754578756,0.8034642326135146,0.6360499348466079,0.8650744598713238,2,1,15,1,23,12
469,0.7354317082257392,52.50460492135911,3146.1,0.3620466321243523,0.7834575065417508,0.5286835797364907,0.8941540383989762,2,1,17,1,23,13
470,0.6996713560697403,51.69110882623219,3242.0,0.38944723618090454,0.7382798255737986,0.49782822026672663,0.8629060223686957,1,1,17,1,23,12
471,0.8229289123951773,52.96714075526984,2414.4,0.3608333333333333,0.8091445337639336,0.7641045028233135,0.8955377005982851,2,1,17,1,23,12
472,0.7250876587721167,51.475998973215255,3056.8,0.36436170212765956,0.7263336535259217,0.5574154212448318,0.8915139015455966,1,1,17,1,23,13
473,0.7039861789821196,51.419979953221265,3158.1,0.3885640025990903,0.7232226251773087,0.5248226379884493,0.8639132737806008,2,1,17,1,23,12
474,0.8257141107910857,52.04386839481329,2368.3,0.321551724137931,0.7578704042418657,0.7789369540387059,0.9403349740926855,2,1,17,1,23,12
475,0.7152957369774011,51.12426035502676,3047.3,0.37567204301075263,0.7067997735579438,0.5604720001286979,0.8786154372455617,1,1,17,1,23,12
476,0.7630095513345916,52.43743120775748,2869.0,0.364406779661017,0.7797269998795723,0.6178391596016795,0.8914624945225232,2,1,17,1,23,12
477,0.7085241424337411,50.3843143172381,3026.9,0.3632075471698113,0.6657067108758163,0.5670356011003683,0.8928301153250386,2,1,17,1,23,12
478,0.7453039315672512,51.70199035043418,2853.8,0.3794579172610557,0.7388841333655476,0.6227296858158652,0.8742979755203408,2,1,17,1,23,12
479,0.7378785958406675,52.54220785542908,3074.7,0.3775850567044696,0.7855457935895296,0.5516561831373369,0.876433810795136,2,1,15,1,23,12
480,0.8055267085341306,52.76552009205114,2583.5,0.34908536585365857,0.7979474867786986,0.7096973986904972,0.9089352401331957,2,1,17,1,22,12
481,0.7170954117594888,51.80098738137544,3177.4,0.3671875,0.7443819548147594,0.518612956677016,0.8882913237866908,1,1,17,1,23,12
482,0.8011872592577811,51.61109554496816,2501.7,0.32736156351791534,0.7338362707542989,0.7360161516063126,0.9337093554127318,2,1,17,1,23,14
483,0.777241785637184,50.59450403704077,2445.2,0.3567880794701987,0.6773796422652494,0.7541947523366741,0.9001509623096289,2,1,17,1,23,13
484,0.8137390692928255,53.094135709188706,2502.3,0.3663934426229508,0.8161972258998329,0.7358231045189104,0.8891968774597334,2,1,17,1,23,12
485,0.7767993941656557,51.923265466189136,2693.1,0.35271903323262843,0.7511726946083209,0.6744341307250526,0.9047913571635936,2,1,17,1,23,13
486,0.7315198676532049,52.95146116059971,3241.1,0.3672955974842767,0.8082737640946542,0.49811779089782976,0.8881680479671309,2,1,17,1,23,12
487,0.7499667354945105,50.98705713164865,2685.0,0.38,0.6991801629775339,0.6770402664049806,0.8736797771010173,2,1,15,1,23,12
488,0.7164344623402503,51.595655806179266,3083.7,0.3853626943005181,0.7329788215330777,0.5487604768263059,0.8675640886613672,2,1,17,1,22,13
489,0.6949116023541491,51.255224484289904,3235.5,0.38257575757575757,0.714072894702026,0.49991956371358237,0.8707423486468391,1,1,17,1,23,12
490,0.7233497071945738,53.24874246612269,3347.8,0.37316176470588236,0.8247833454670861,0.46378758385482843,0.8814781922618072,2,1,17,1,23,12
491,0.7624672923105649,51.0552357871328,2575.5,0.3813291139240506,0.7029664793037438,0.7122713598558581,0.8721640377720928,1,1,17,1,23,12
492,0.7832624627124468,52.78811220092034,2742.7,0.3638392857142857,0.799202144413812,0.658475571499815,0.8921096722237136,2,1,17,1,23,12
493,0.8248461728904174,53.86425339366264,2532.6,0.3661290322580645,0.8589658774832353,0.7260742266051061,0.889498414582911,1,1,17,1,23,12
494,0.7154728778027932,51.07793740283295,3080.1,0.3636963696369637,0.704227218424315,0.5499187593507182,0.8922726556333467,2,1,17,1,23,12
495,0.7612277826811669,52.75117409404769,2966.4,0.3568929321203639,0.7971507786877206,0.5865011824134102,0.9000313869423701,2,1,15,1,23,12
496,0.7126933737486904,51.10127282788864,3169.3,0.3469785575048733,0.7055231562840452,0.521219092356944,0.911337872605082,2,1,15,1,23,12
497,0.75679532897692,50.90452207800248,2694.2,0.35542168674698793,0.6945965609852986,0.6740802110648155,0.9017092148806463,2,1,17,1,23,12
498,0.7598852933777184,50.83736016415983,2620.4,0.36484375,0.6908667096252785,0.6978250028152699,0.8909641676926068,2,1,17,1,23,13
499,0.730866275573886,53.07627829002206,3218.2,0.38155401137081485,0.8152055102777734,0.5054857547336754,0.8719075617102092,2,1,17,1,23,12
500,0.7422912093998046,50.90366677223655,2818.8,0.3583815028901734,0.6945490613952517,0.6339907659143191,0.8983338008898432,2,1,17,1,23,12
501,0.7270477229587884,52.00298867750732,3071.8,0.38063660477453576,0.7556001403308619,0.5525892440597802,0.8729537844857235,2,1,17,1,23,12
502,0.7222016470233207,50.45595761152345,2887.1,0.3701578192252511,0.6696854366645513,0.6120155724650505,0.8849039319403604,2,1,15,1,23,13
503,0.7680879294420655,52.104449407315734,2733.2,0.37314540059347173,0.7612347838276387,0.6615321503836811,0.881496854114877,2,1,17,1,23,12
504,0.7591861114382614,51.4074298448664,2710.8,0.36893939393939396,0.7225256522050157,0.6687392416466915,0.886293440463077,2,1,17,1,23,13
505,0.7574494482404334,51.0237423351908,2740.1,0.3465568862275449,0.7012174836626607,0.6593121088785573,0.9118187521800823,2,1,17,1,23,13
506,0.7522631121967374,51.4802105286362,2654.3,0.40663580246913583,0.7265675431639004,0.686917842377053,0.8433039510492587,1,1,17,1,23,12
507,0.7018340650915751,51.46600474048344,3142.8,0.4007832898172324,0.7257786216571985,0.529745338717202,0.8499782349003248,2,1,17,1,23,13
508,0.7201790213723995,51.6736521789028,3052.9,0.388,0.7373103669020956,0.5586702273129454,0.8645564699021577,1,1,17,1,23,12
509,0.7847348806260217,51.95884580582201,2671.1,0.33978328173374617,0.7531486564381248,0.6815125239297952,0.919543461510145,2,1,17,1,23,12
510,0.7544552657351478,52.4225293752006,3008.3,0.3468834688346884,0.7788994233968757,0.5730200608098324,0.9114463129987355,2,1,17,1,23,12
511,0.7792391100585323,51.21746431569869,2523.3,0.35983606557377046,0.7119758756012228,0.729066456459838,0.8966749981145364,2,1,17,1,23,12
512,0.7129343775904402,51.237415715643664,3111.0,0.3694225721784777,0.7130838808971024,0.5399768343495117,0.8857424175247064,2,1,17,1,23,12
513,0.7512835624787185,51.083472240028186,2723.1,0.3704819277108434,0.7045345968008232,0.6647817763549492,0.8845343142803834,2,1,15,1,23,12
514,0.8064228152051808,52.730351993406146,2604.6,0.3390625,0.795994418841003,0.7029085761168579,0.9203654506576816,2,1,17,1,23,12
515,0.746570113370409,51.97579209682879,2979.1,0.3541095890410959,0.7540897723614594,0.5824150190633999,0.9032055486863677,2,1,17,1,23,13
516,0.7676428163799851,51.23182271182916,2705.6,0.33960843373493976,0.712773272224857,0.6704123164041762,0.9197428605109221,2,1,17,1,23,13
517,0.7558936329357769,52.372268414054645,2885.3,0.37535410764872523,0.7761081700873682,0.6125947137272565,0.8789780149927063,2,1,17,1,23,12
518,0.7471971269048174,52.816859006519934,2996.5,0.38850889192886456,0.8007986044583112,0.5768166535287398,0.8639761227274012,2,1,17,1,23,12
519,0.8100939767930904,52.12735202805243,2366.6,0.36718749999999994,0.762506685806235,0.7794839207863451,0.8882913237866908,2,1,17,1,23,12
520,0.7847850828486436,52.41995208015423,2647.6,0.368735976065819,0.7787562927610159,0.6890735348530429,0.8865254209318724,2,1,17,1,22,13
521,0.7172349172355534,52.34302341641889,3219.8,0.3812539582013933,0.7744840428407701,0.5049709625006031,0.8722497463652873,2,1,17,1,23,12
522,0.7483766786676298,53.231512156771586,3216.0,0.34367088607594937,0.8238264565237877,0.5061935940541497,0.9151099854249525,2,1,17,1,23,13
523,0.7121776161091675,51.55953752927326,3155.9,0.3744321868916288,0.7309729852408736,0.5255304773089235,0.8800293857777057,2,1,17,1,23,13
524,0.7056033684250078,52.155738363833024,3309.9,0.3773119605425401,0.7640831270816475,0.4759817248757258,0.8767452533176501,2,1,17,1,23,14
525,0.7606188386955395,51.38670502826687,2617.0,0.390625,0.7213746950485381,0.6989189363105484,0.861562884727532,2,1,17,1,23,13
526,0.7583691654233856,52.246832558560705,2921.9,0.35240753663642704,0.7691420628185149,0.6008188413957304,0.9051465920559117,2,1,17,1,23,13
527,0.7554431998320703,52.693831687264236,3029.5,0.35151515151515156,0.7939662557685376,0.566199063721626,0.9061642800060477,2,1,17,1,23,13
528,0.8222446579456361,53.153966040519165,2550.5,0.3333333333333333,0.8195199162449324,0.720314988497611,0.926899069094365,2,1,17,1,23,13
529,0.8223110229133439,52.430623892932154,2391.1,0.34290540540540543,0.7793489541836321,0.7716011647174273,0.9159829498389725,2,1,17,1,23,12
530,0.8515702937715903,52.41294021754208,2102.4,0.34652509652509655,0.7783668874596499,0.8644889882723894,0.9118550055827319,2,1,17,1,23,12
531,0.7198177427360825,51.74285849637304,3114.0,0.3750823994726434,0.741153754658185,0.5390115989125014,0.879287874637561,2,1,17,1,23,12
532,0.7516794274787006,51.69110618478848,2899.9,0.3491501416430595,0.7382796788806529,0.6078972346004728,0.9088613689549765,2,1,17,1,23,13
533,0.7286817966576946,52.09470038430225,3113.0,0.36918032786885246,0.7606933697334706,0.5393333440581715,0.8860186761814421,2,1,17,1,23,12
534,0.7322467462657616,52.08441331988356,3135.0,0.35309446254071664,0.7601220753939054,0.5322549508534289,0.9043632125499507,2,1,17,1,23,13
535,0.7189673298607596,51.52128324932563,3189.9,0.3451156812339332,0.7288485255594007,0.5145911423561396,0.9134623216667386,2,1,17,1,23,12
536,0.7710642465518169,52.001989554834424,2820.4,0.33572453371592537,0.7555446538378913,0.633475973681247,0.9241721121363127,2,1,17,1,23,12
537,0.7661747729397099,52.85141523547077,2996.2,0.34035326086956524,0.8027176920806712,0.5769131770724409,0.9188934496660178,2,1,17,1,23,12
538,0.7858773684413447,52.237243591168756,2628.9,0.3622409823484267,0.768609537447784,0.695090169077074,0.8939323987991764,2,1,17,1,23,12
539,0.7491489022965239,52.22888921410511,3040.6,0.3422999327505044,0.768145575317015,0.5626276926046878,0.916673438967869,2,1,17,1,23,12
540,0.73387684169507,52.32459369159907,3135.4,0.36038961038961037,0.7734605441009181,0.5321262527951609,0.8960437281891309,2,1,17,1,23,13
541,0.7869724110451122,51.27625983843405,2518.0,0.34385113268608414,0.715241097627971,0.7307717057318898,0.9149044297754759,2,1,17,1,23,12
542,0.7490532283633486,51.72391870986616,2777.0,0.392330383480826,0.7401019295326134,0.64743971300333,0.8596180425541023,1,1,17,1,23,13
543,0.7813097267516032,52.86332427028067,2835.2,0.3465417867435158,0.8033790628954803,0.6287141455253293,0.9118359718339999,2,1,17,1,23,13
544,0.8078401677655529,52.01139324889167,2408.3,0.35570469798657717,0.7560668900140493,0.7660671482119012,0.9013864650707083,2,1,17,1,23,13
545,0.7627483514758306,51.02585414934788,2634.0,0.3626543209876543,0.7013347637170131,0.6934492688341564,0.8934610218763225,2,1,17,1,23,12
546,0.8238347814268487,53.719852679099226,2592.9,0.3447452229299363,0.8509465526786428,0.7066729943211981,0.913884797280705,2,1,17,1,23,14
547,0.7167677679089401,52.03733211927774,3129.6,0.39304461942257213,0.7575074107712978,0.5339923746400476,0.8588035183154754,2,1,17,1,23,12
548,0.7367317022260578,50.87895780006306,2902.7,0.34813248766737137,0.6931768433003074,0.6069963481925966,0.9100219151852695,2,1,17,1,23,14
549,0.7456387396363918,51.640381717727024,2896.8,0.3634453781512605,0.7354626846702328,0.6088946445520502,0.8925588896868927,2,1,17,1,23,12
550,0.6963788266735681,50.99859923001406,3268.3,0.3569651741293532,0.6998211558978158,0.48936632293560256,0.899949001187286,2,1,17,1,23,13
551,0.7320864850431302,50.86637981160327,2957.4,0.3443072702331961,0.6924783220003783,0.5893968887244413,0.9143842444045712,2,1,17,1,23,13
552,0.7544980608324591,54.078284755070825,3229.2,0.36507936507936506,0.870852155267183,0.5019465581313042,0.8906954690988903,2,1,17,1,23,12
553,0.7428573089117956,51.67023849314517,2980.4,0.34863013698630135,0.7371207871278265,0.5819967503740286,0.9094543892335317,2,1,17,1,23,12
554,0.7632617879893788,51.379213007393226,2615.6,0.3837025316455696,0.7209586240546364,0.6993693795144865,0.8694573603990136,1,1,17,1,23,12
555,0.7690201641166547,51.2050572896064,2564.1,0.3746031746031746,0.7112868487332191,0.7159392545164974,0.879834389100248,2,1,17,1,23,13
556,0.7729880035742076,50.97260817784588,2630.5,0.33411214953271023,0.6983777372140515,0.6945753768440018,0.9260108966645695,2,1,17,1,23,13
557,0.7787867530534636,50.910172652484405,2525.4,0.34546925566343045,0.6949103668569669,0.7283907916539308,0.9130591006494929,2,1,17,1,23,12
558,0.8422308586357419,52.16121969020961,2197.2,0.332089552238806,0.7643875337233095,0.8339875484628626,0.9283174937210533,2,1,17,1,23,12
559,0.7540563940646604,51.63458287657629,2867.5,0.34928571428571425,0.7351406447771577,0.6183217773201847,0.9087067600966391,2,1,17,1,23,13
560,0.7249452624204515,50.68618305267033,2988.2,0.34562841530054644,0.6824710561569436,0.5794871382378018,0.9128775928666094,2,1,17,1,23,13
561,0.733114409944585,51.63005207041625,2964.1,0.3769017980636238,0.7348890254805782,0.5872411962484516,0.877213008104725,2,1,17,1,23,12
562,0.7733616900217888,50.87527352297358,2519.6,0.3596774193548387,0.6929722361781057,0.7302569134988176,0.896855920388443,2,1,17,1,23,12
563,0.7443229682342823,51.36332439008904,2819.0,0.3753644314868805,0.7200762462683259,0.6339264168851851,0.8789662415493361,2,1,19,1,23,12
564,0.7628581252465373,50.97373064319675,2620.0,0.36377708978328177,0.6984400735692267,0.697953700873538,0.8921806012968472,2,1,17,1,23,13
565,0.7985262149017771,53.056196384972836,2665.0,0.35866261398176297,0.8140902573528027,0.6834751693183828,0.8980132180341458,2,1,17,1,23,12
566,0.7480943790835722,52.10579878493543,2857.9,0.39062499999999994,0.761309721804567,0.6214105307186177,0.861562884727532,2,1,17,1,23,13
567,0.709946298314089,50.69457659371751,3023.0,0.37567567567567567,0.6829371932679786,0.5682904071684818,0.8786112945058063,2,1,17,1,23,12
568,0.7739788929430951,52.241187140762754,2695.3,0.37499999999999994,0.7688285433244025,0.6737262914045783,0.8793818441003046,2,1,17,1,23,12
569,0.7312716148970989,51.84723618090174,2927.5,0.4026517794836008,0.7469503918640162,0.5990170685799777,0.8478473842473029,2,1,17,1,23,12
570,0.7378937659808232,51.475553084161355,2951.3,0.36041666666666666,0.7263088909812152,0.591359534113029,0.8960128728482257,2,1,17,1,23,12
571,0.7805631387498879,51.11118744203378,2553.2,0.34274193548387094,0.706073766517398,0.7194462766043017,0.9161693731279642,2,1,17,1,23,12
572,0.7771277018411824,51.0141585906235,2416.6,0.3855932203389831,0.7006852483426222,0.7633966635028394,0.8673011936780858,2,1,17,1,23,13
573,0.7376480729932471,51.76271577409271,3041.5,0.34959893048128343,0.7422565328559974,0.5623381219735847,0.9083495641501595,2,1,17,1,23,13
574,0.740173406293489,51.3150470684866,2936.8,0.3506944444444444,0.7173951548083821,0.5960248387252456,0.9071002253468398,2,1,17,1,23,13
575,0.8220122447244738,54.21459945617823,2486.7,0.40359477124183,0.878422421571794,0.7408423287913644,0.8467719838102633,1,1,17,1,23,12
576,0.6998936731147305,51.326619112516255,3274.7,0.36188702669149597,0.7180378107675818,0.487307154003314,0.8943360545732957,2,1,17,1,23,12
577,0.7803005361288565,51.20947676323641,2411.4,0.38822525597269625,0.7115322851537488,0.7650697382603239,0.864299584972497,1,1,17,1,23,12
578,0.8031879037396563,53.8432105156515,2673.8,0.382242287434161,0.857797256717715,0.6806438120364858,0.8711226424647681,2,1,17,1,23,12
579,0.785059755767621,53.00245034148095,2887.8,0.3286118980169972,0.8111054592441072,0.6117903508630812,0.9322834571956748,2,1,17,1,23,13
580,0.7221543538983213,50.96327833953953,2995.8,0.36431989063568004,0.697859602632937,0.5770418751307088,0.8915615839313181,2,1,17,1,23,12
581,0.7693294860319176,51.85723445180336,2736.8,0.3568249258160237,0.7475056479933699,0.6603738678592685,0.9001089422431144,2,1,17,1,23,13
582,0.7640661696840484,52.315801631716035,2833.9,0.36560693641618497,0.7729722751604448,0.6291324142147005,0.8900938196770003,2,1,17,1,23,13
583,0.7563451492241766,51.24816288874089,2698.0,0.37226827430293896,0.7136807274712931,0.672857579511269,0.8824971406899679,2,1,17,1,23,13
584,0.7751822288803953,52.738241417967515,2781.5,0.37172011661807586,0.7964325597343513,0.6459918598478145,0.8831222670590205,2,1,17,1,23,13
585,0.7797230408111141,51.039620724684326,2569.8,0.33678343949044587,0.7020992934453018,0.7141053071861777,0.9229645218018631,2,1,17,1,23,13
586,0.7610883392570034,51.63135317821138,2684.8,0.3821752265861027,0.7349612827823961,0.6771046154341145,0.8711991195544997,2,1,17,1,23,14
587,0.7825118158164914,52.157455648974384,2719.7,0.34159159159159164,0.7641784968820831,0.6658757098502276,0.9174812407171636,2,1,17,1,23,13
588,0.7156138532565393,50.38043968602183,2861.2,0.3911174785100287,0.6654915323961583,0.6203487717379064,0.8610012556355534,1,1,17,1,23,12
589,0.7887080388497121,50.41347256594215,2358.6,0.3422413793103449,0.6673260205017958,0.782057881951706,0.9167402140956347,2,1,17,1,23,12
590,0.8089808030901364,52.21009599590965,2405.2,0.36325503355704697,0.7671018898942064,0.7670645581634787,0.8927759612127242,2,1,17,1,23,13
591,0.7634465508925528,51.28544161397042,2726.7,0.3473053892215569,0.715751009511244,0.6636234938305369,0.9109651493358776,2,1,17,1,23,12
592,0.7681429706654619,51.758382222802304,2678.5,0.371580547112462,0.7420158681511154,0.6791316098518363,0.8832814339934342,2,1,17,1,23,12
593,0.7656328378986151,51.48314907734361,2850.4,0.3162824207492795,0.726730736099684,0.6238236193111436,0.946344158285018,2,1,17,1,23,12
594,0.7775314084765523,51.40686839193614,2539.4,0.36900958466453676,0.7224944717955294,0.7238863596145493,0.8862133940195784,2,1,17,1,23,13
595,0.7543386230840448,50.95972027085302,2719.4,0.3574626865671642,0.697662004521595,0.6659722333939286,0.8993816313366105,2,1,17,1,23,13
596,0.7370853366568644,50.77194294566762,2713.2,0.3954545454545455,0.6872337502975623,0.6679670532970834,0.8560552063759477,2,1,17,1,23,12
597,0.7500611015922124,51.4327580592614,2838.1,0.35826210826210825,0.7239322600501915,0.6277810846028861,0.8984699601235596,2,1,17,1,23,13
598,0.7461835765385333,50.95756874352936,2610.3,0.40959119496855345,0.6975425189879773,0.701074628786538,0.8399335818410847,1,1,17,1,23,13
599,0.7659217659570232,51.87419399532915,2770.0,0.3572485207100592,0.748447499898204,0.6496919290230208,0.8996258689498451,2,1,17,1,23,13
600,0.7899090462854628,51.85522837086084,2583.9,0.34572784810126583,0.7473942398558758,0.7095687006322291,0.9127641983682837,2,1,17,1,23,14
601,0.7622471094852303,51.24927367809162,2674.0,0.36356764928193497,0.7137424153972834,0.6805794630073518,0.8924194500510558,2,1,17,1,23,14
602,0.7523575914194649,50.92457097245982,2737.7,0.3557993730407524,0.6957099806599346,0.6600842972281655,0.9012784963702948,2,2,17,1,23,13
603,0.7417427449226202,51.01520503762597,2827.8,0.3627167630057804,0.700743363002435,0.6310950596032882,0.8933898121621374,2,1,17,1,23,13
604,0.8053754736968147,52.647776839325964,2584.9,0.34335443037974683,0.7914085898625223,0.709246955486559,0.915470875741363,2,1,17,1,23,13
605,0.715884521974943,52.251135512156935,3203.4,0.38495857233906944,0.7693810282738562,0.510247582889593,0.8680249547613801,2,1,17,1,23,13
606,0.7588256373457802,50.96776250757055,2721.9,0.3453453453453454,0.6981086318709698,0.6651678705297533,0.9132004096366176,2,1,17,1,23,12
607,0.7288143181621054,51.466906213563455,3034.9,0.3602941176470588,0.725828685158983,0.5644616399350074,0.8961526293923259,2,1,17,1,23,12
608,0.7480212672129856,52.67948214985981,3021.3,0.3726541554959786,0.7931693511161634,0.5688373739161209,0.8820570766066725,2,1,17,1,23,14
609,0.7938357819390216,52.00071774627416,2620.0,0.3322981366459627,0.7554740236753963,0.697953700873538,0.9280796212681304,2,1,17,1,23,13
610,0.7433221047684888,51.785564941036014,2817.5,0.39898255813953487,0.7435254662666574,0.6344090346036904,0.8520318134351187,1,1,17,1,23,12
611,0.6971908891012923,51.26888702233588,3168.0,0.3962889330682571,0.7148316466969662,0.5216373610463152,0.8551036595605959,2,1,17,2,23,12
612,0.7945489646123086,52.92916458682861,2649.6,0.36728395061728397,0.8070355190649077,0.6884300445617026,0.8881813302103156,1,1,17,1,23,13
613,0.8341732929089036,53.502630146922996,2515.8,0.32872253864930834,0.838883052538329,0.7314795450523639,0.9321572811360185,2,1,17,1,23,13
614,0.7767582111390117,50.958609568175326,2579.8,0.33781645569620256,0.6976003214090102,0.7108878557294765,0.9217864562785483,2,1,17,1,23,13
615,0.8046178671133501,52.36988016454772,2497.2,0.35655737704918034,0.7759755381362845,0.7374640047618282,0.9004140584419379,2,1,17,1,23,13
616,0.744111455753784,52.00823788411899,2906.2,0.3827247191011236,0.7558916561513527,0.6058702401827513,0.8705724709272484,2,1,17,1,23,13
617,0.7769061427953676,52.442028369996464,2776.3,0.35422740524781343,0.7799823042752971,0.6476649346052991,0.9030711895055067,2,1,17,1,23,14
618,0.6963870080550143,50.91568449682395,3180.9,0.37756410256410255,0.695216468320279,0.5174868486671707,0.8764577071775932,2,1,17,1,23,13
619,0.724340638239125,52.35084686850928,3157.6,0.3804909560723514,0.7749185199387243,0.5249835105612843,0.8731198842173664,1,1,17,1,23,12
620,0.7518605131865497,49.609402004836994,2436.9,0.3779264214046823,0.622671788597138,0.7568652370457359,0.8760445139167753,2,1,17,1,23,15
621,0.7677018726584457,51.33350937417226,2671.0,0.3541666666666667,0.7184204629336405,0.6815446984443622,0.9031404565973347,2,1,15,1,23,12
622,0.6910177818084227,51.690525644447895,3383.9,0.37214885954381755,0.7382474384477201,0.45217258409613736,0.8826333228814106,2,1,17,1,23,15
623,0.7920803434037367,51.82027810774684,2544.2,0.34951456310679613,0.7454532694613416,0.7223419829153328,0.9084457778345356,2,1,17,1,23,15
624,0.7575542040329574,51.10484046016679,2664.5,0.37155963302752293,0.7057212855115099,0.683636041891218,0.8833052846961444,2,1,17,1,23,12
625,0.7718991401851782,51.82643794147071,2622.4,0.38084112149532706,0.7457953571547672,0.6971815125239297,0.8727205508768382,1,1,17,1,23,13
626,0.7441450662250021,52.22118272686701,2999.8,0.3665987780040733,0.7677175938873414,0.5757548945480284,0.8889627102396365,2,1,17,1,23,12
627,0.6994955127231512,49.78603117270353,2956.9,0.3775727466288148,0.6324809275018113,0.5895577612972763,0.8764478493703661,2,1,17,2,23,12
628,0.6795139655784677,50.17497098146823,3315.4,0.3479333744602098,0.6540807836060577,0.4742121265745402,0.9102489865548052,2,1,17,1,23,12
629,0.8145017276210649,52.12936125175654,2458.6,0.329734219269103,0.7626182684776719,0.7498833673846945,0.9310035470008285,2,1,17,1,23,12
630,0.7809645474581691,52.21219838563208,2741.2,0.34226190476190477,0.7672186465605496,0.6589581892183202,0.9167168065956377,2,1,17,1,23,13
631,0.7858308760314746,52.36669784845402,2528.1,0.3971061093247588,0.7757988075261663,0.7275220797606216,0.854171740807636,2,1,17,1,23,14
632,0.7427646294039125,51.65128703253732,2891.4,0.3730606488011283,0.7360683136785413,0.6106320683386689,0.8815935061945275,2,1,17,1,23,13
633,0.737143202886046,52.36903523324506,3163.6,0.3460051546391753,0.775928614694291,0.5230530396872637,0.9124479542765835,2,1,17,1,23,14
634,0.713444098585823,51.83707518769422,3246.9,0.35894206549118385,0.7463860989163343,0.49625166905294305,0.8976945277881918,2,1,17,1,23,13
635,0.7818341257642668,51.91484655791843,2636.4,0.3550613496932515,0.75070514872306,0.6926770804845481,0.9021201480851924,2,1,17,1,23,13
636,0.7507985717564147,50.432403812210765,2608.3,0.3724409448818897,0.6683773713433948,0.7017181190778783,0.8823002248479713,2,1,15,1,23,13
637,0.7711420535453923,50.69929692309109,2618.7,0.3289877300613497,0.6831993377770683,0.6983719695629093,0.9318548532961994,2,1,17,1,23,15
638,0.7641431101060682,49.76169768655193,2430.4,0.3548657718120805,0.6311295621040174,0.7589565804925917,0.9023431877215956,2,1,17,1,23,13
639,0.7878835514192961,52.31421013927805,2684.0,0.34516616314199394,0.7728838912849022,0.6773620115506507,0.9134047514223357,2,1,17,1,23,14
640,0.7977406612911987,52.27153052421405,2629.4,0.33256172839506176,0.7705136696639912,0.694929296504239,0.9277790177053661,2,1,17,1,23,14
641,0.7024378588856297,50.82061287730698,3015.1,0.40379403794037944,0.6899366454405217,0.5708321938192757,0.846544737397092,1,1,17,1,23,14
642,0.7298919964051254,51.844443809466476,3075.4,0.3644179894179895,0.7467953169145457,0.5514309615353677,0.8914497107654626,2,1,17,1,23,13
643,0.7403598728069021,52.07007310776704,3007.0,0.3671662125340599,0.7593256886234048,0.5734383294992036,0.888315600298098,1,1,17,1,23,13
644,0.7931111138736089,51.86656906828159,2538.0,0.35080645161290325,0.7480240479312898,0.7243368028184874,0.9069724908710493,2,1,17,1,23,13
645,0.7754311262389053,53.049281098033134,2833.9,0.37142857142857144,0.8137062154022203,0.6291324142147005,0.8834547490997955,2,1,17,1,23,14
646,0.7483995908963439,51.855308271284024,2963.3,0.34788732394366195,0.7473986771430974,0.5874985923649876,0.9103015031809467,1,1,17,2,23,14
647,0.7989331259081731,53.946292407998094,2750.4,0.37684365781710916,0.8635219318254432,0.655998133878155,0.8772793120209214,2,1,17,1,23,14
648,0.7793698806518639,51.108842906186744,2507.5,0.3586601307189542,0.7059435622138373,0.734150029761426,0.8980160499803284,2,1,17,1,23,14
649,0.7575068147755588,50.95766129031999,2757.5,0.3382789317507418,0.6975476585939407,0.6537137433438972,0.9212590423888386,2,1,17,1,23,13
650,0.7736527975380723,52.29269900791956,2724.2,0.37021276595744684,0.7716892659688186,0.6644278566947122,0.884841269950686,2,1,17,1,21,14
651,0.7759040461846958,52.54233731349274,2830.3,0.3465132997843279,0.7855529830709955,0.6302906967391129,0.9118684587439791,2,1,17,1,23,13
652,0.7490703290238668,52.67770671320194,3108.0,0.3453473132372215,0.7930707518587259,0.540942069786522,0.9131981654263527,2,1,17,1,23,13
653,0.6769943543133666,50.6173720648033,3245.1,0.39593908629441626,0.67864962311557,0.4968308103151493,0.8555026295093807,1,1,17,1,23,12
654,0.7737558841427408,51.673710264916,2679.5,0.3524096385542168,0.7373135927213573,0.6788098647061662,0.9051441950006988,2,1,17,1,23,13
655,0.6552480573669937,50.50910731504192,3397.8,0.40479192938209335,0.6726371169042998,0.4477003265713227,0.8454067286253584,2,2,17,1,23,13
656,0.7992349160279124,52.25117278019303,2617.5,0.3309968847352025,0.7693830979622728,0.6987580637377133,0.9295635863837515,2,1,17,1,23,12
657,0.7290039024383042,51.47670921872543,2932.1,0.3892757660167131,0.7263730971634019,0.5975370409098952,0.8631015692416154,2,1,17,1,23,13
658,0.7466632979503696,51.48110316649361,2974.6,0.3310439560439561,0.7266171159996935,0.5838628722189153,0.9295099056325,2,1,17,1,23,12
659,0.7941820986459129,52.88211230940618,2583.9,0.38449367088607594,0.804422460697523,0.7095687006322291,0.868555134607987,1,1,17,1,23,12
660,0.7263961330076649,52.25692990536508,3189.4,0.36153846153846153,0.7697028211494809,0.5147520149289747,0.8947335629445394,2,1,17,1,23,13
661,0.7491922509247119,50.91337654684485,2683.8,0.3787878787878788,0.6950882958207792,0.6774263605797847,0.8750620963735718,2,1,17,1,23,15
662,0.7763665017542705,52.976190476187675,2892.0,0.3490168539325843,0.809647111965506,0.6104390212512668,0.9090133720460388,2,1,17,1,23,13
663,0.7417232251315228,52.117687724931656,2892.6,0.3981741573033708,0.7619699766495676,0.6102459741638647,0.8529537245811362,1,1,17,1,23,15
664,0.689698271041296,50.48226494745729,3207.7,0.36649214659685864,0.6711464202354069,0.5088640787632116,0.8890843141252697,2,1,17,2,23,12
665,0.7532739335295264,52.58422984930372,2982.2,0.36522911051212936,0.7878794940759583,0.5814176091118225,0.8905246974007985,1,1,17,1,23,12
666,0.7134455778327812,51.85606732033773,3165.7,0.3827720207253886,0.7474408310958855,0.5223773748813565,0.8705185275211016,1,1,17,1,23,12
667,0.7680833543170258,52.20553057123452,2774.0,0.36656891495601174,0.7668483480509305,0.6484049484403404,0.8889967664598065,2,1,17,1,23,14
668,0.7870154585635774,52.27991872897187,2668.5,0.35015290519877673,0.7709795104230468,0.6823490613085375,0.9077178039591479,2,1,17,1,23,12
669,0.7285191816070427,51.68306374322483,2999.9,0.38147138964577654,0.7378330401551045,0.5757227200334614,0.8720017846325623,2,1,17,1,23,15
670,0.7346954518304062,52.20929444018969,3054.6,0.3754175016700067,0.7670573753245467,0.5581232605653061,0.878905719601366,2,1,17,1,23,13
671,0.7329266441379065,53.1637131270454,3248.7,0.37178683385579936,0.8200612227958636,0.49567252779073695,0.8830461818271192,2,1,17,1,23,13
672,0.7086830599761392,52.21573854844121,3184.7,0.40745501285347047,0.7674152502651324,0.5162642171136242,0.8423697125496612,2,1,17,1,23,13
673,0.8080883290183223,51.408102468850636,2404.1,0.3268581081081081,0.7225630065229446,0.7674184778237159,0.9342835027083067,2,1,17,1,23,14
674,0.7391768354588224,49.67219436945375,2683.7,0.3447204968944099,0.6261589760991708,0.6774585350943517,0.9139129951829447,2,1,19,1,23,15
675,0.7580234350311092,52.92290703291861,3028.6,0.3561368209255533,0.8066880044598844,0.5664886343527291,0.9008936662807142,2,1,17,1,23,14
676,0.7201496831712281,50.90199902486312,3049.5,0.35145888594164454,0.6944564426854348,0.5597641608082238,0.9062284460200257,1,1,17,1,23,14
677,0.7025057722431853,51.332245785750345,2937.0,0.4505649717514124,0.7183502892783002,0.5959604896961116,0.7932065377551443,1,1,19,1,23,13
678,0.761399051792572,51.4897346019002,2773.7,0.34938001458789203,0.7270964646252498,0.6485014719840414,0.9085992187684249,2,1,17,1,23,14
679,0.7435357149856875,50.733476182624685,2781.1,0.35745614035087714,0.6850974903215973,0.6461205579060826,0.8993890967293827,2,1,17,1,23,14
680,0.787535947508498,51.96031912428158,2641.0,0.3409785932721712,0.7532304774963076,0.6911970528144656,0.918180312214721,2,1,17,1,23,14
681,0.7733731730331227,53.37671564336983,2919.1,0.36875,0.8318903634463479,0.6017197278036067,0.8865094278494136,2,1,17,1,23,15
682,0.7965391267783328,53.307857654642575,2776.9,0.344574780058651,0.8280663202020724,0.647471887517897,0.9140791726150291,2,1,17,1,23,12
683,0.7322024423823943,51.32555673382544,2957.3,0.3663911845730028,0.7179788113380228,0.5894290632390082,0.8891994525701518,2,1,17,1,23,14
684,0.7557105612375561,51.1117906600822,2655.7,0.3792307692307692,0.7061072663617227,0.686467399173115,0.8745570181778307,1,1,17,1,23,15
685,0.8109827032679856,53.810093867821564,2687.4,0.35628742514970063,0.8559581165431632,0.6762680780553723,0.9007219152054216,2,1,17,1,23,15
686,0.8023779442425176,52.56161793905142,2498.8,0.3713355048859935,0.786623736766767,0.7369492125287559,0.8835608834320299,2,1,17,1,23,15
687,0.730721652509029,50.38446227660076,2730.4,0.3884730538922156,0.6657149278309097,0.6624330367915573,0.8640169929046203,1,1,17,1,23,13
688,0.7717432316920887,51.349635904120966,2492.0,0.3948220064724919,0.7193160532499396,0.7391370795193127,0.8567765623070137,1,1,17,1,23,15
689,0.7378985271321903,50.86925458442217,2889.5,0.34831460674157305,0.6926379731284488,0.6112433841154421,0.9098142241526803,2,1,17,1,23,13
690,0.7250690206649413,51.78922196600617,3074.5,0.37467018469656993,0.7437285599365386,0.5517205321664709,0.8797579698918143,2,1,17,1,23,14
691,0.6657358310533021,50.27296219601642,3345.3,0.380514705882353,0.6595227468251065,0.4645919467190037,0.8730927996157964,2,1,17,1,23,13
692,0.7659747379808499,51.22743443003047,2592.2,0.3757763975155279,0.7125295680494022,0.7068982159231673,0.8784964299699805,2,1,17,1,23,16
693,0.7558500725488124,51.27433421997773,2708.0,0.37202380952380953,0.7151341579919891,0.669640128054568,0.8827759315998803,2,1,17,1,23,15
694,0.7211457767116618,51.76832488626276,3163.4,0.35889175257731964,0.7425680361092396,0.5231173887163977,0.8977519053093485,2,1,17,1,23,14
695,0.7548701447413301,50.186467767712,2580.9,0.357484076433121,0.6547192601078987,0.7105339360692394,0.8993572380468522,2,1,17,1,23,13
696,0.760573432015222,52.873403526875364,3032.4,0.34594594594594597,0.8039388165827529,0.5652660027991827,0.9125154766637305,2,1,17,1,23,13
697,0.7368025775361584,50.06694274060215,2734.1,0.3559701492537314,0.6480814119672605,0.6612425797525779,0.9010837408886366,2,1,17,1,23,14
698,0.7229353559860605,51.1521728003248,2953.9,0.38328530259365995,0.7083498972232741,0.5905229967342867,0.8699331740006211,2,2,17,1,23,16
699,0.7394868514401175,51.71720267396807,3064.7,0.33599999999999997,0.7397289530315695,0.554873634594038,0.9238579666947451,2,1,17,1,23,15
700,0.7729252846300046,52.5913043478233,2863.6,0.3473389355742297,0.7882723778759428,0.6195765833882981,0.9109268926257732,2,1,17,1,23,16
701,0.7211473700585349,50.866120015696765,2808.2,0.41516516516516516,0.6924638941787195,0.6374012644584225,0.8335769515384627,1,2,17,1,23,15
702,0.6800763246180129,50.778764026123326,3233.1,0.39907651715039577,0.6876125604707527,0.5006917520631907,0.8519246613200955,2,2,17,1,23,14
703,0.784025102372914,51.05836159200201,2427.2,0.3666107382550336,0.7031400715508302,0.7599861649587362,0.8889490706091757,2,1,17,1,23,16
704,0.7035550501031147,48.997395044524,2877.5,0.35089020771513346,0.5886838501561146,0.6151043258634835,0.9068769742897461,2,2,17,1,23,15
705,0.743497030809343,52.373399439078625,2934.2,0.39422382671480144,0.776170981805834,0.596861376103988,0.8574587345182073,2,2,17,1,23,15
706,0.7181776553767312,51.39164446459667,3058.7,0.37789543348775645,0.7216490077096637,0.5568041054680587,0.8760798529524711,2,1,17,1,23,16
707,0.7971012912293118,52.40174672488841,2501.7,0.3766129032258065,0.7777452544327015,0.7360161516063126,0.8775424676489215,1,1,17,1,23,15
708,0.7695339007489996,51.85814260988956,2727.5,0.35895522388059703,0.747556082748414,0.6633660977140007,0.8976795217845844,2,1,17,1,23,16
709,0.7408792267832064,50.98198344424333,2914.8,0.33882521489971346,0.6988983946539962,0.6031032319299882,0.9206360537656348,2,1,17,2,23,14
710,0.7345053478472168,51.65140324962793,2972.2,0.3719972546328072,0.7360747678197158,0.5846350605685237,0.8828062151534112,2,1,17,1,23,14
711,0.7257883449684499,52.73378757217081,3199.9,0.38339670468948034,0.7961852144481363,0.5113736908994384,0.8698061295577753,2,1,17,1,23,15
712,0.7183970513638063,50.98358483063884,3041.5,0.36229946524064177,0.6989873279926022,0.5623381219735847,0.893865704125232,2,1,17,1,23,14
713,0.8096617576297651,53.39965717742481,2679.0,0.34214501510574014,0.8331644264844619,0.6789707372790013,0.9168501091258325,2,1,17,1,23,14
714,0.7597869597958256,51.376377161866856,2781.0,0.3460410557184751,0.7208011347621466,0.6461527324206495,0.9124070122046808,2,1,17,1,23,14
715,0.7508318117061631,50.78157819098123,2582.8,0.39655172413793105,0.6877688457226464,0.7099226202924662,0.8548039691033767,1,1,17,1,23,13
716,0.7541114428056981,52.713734637119195,2978.7,0.37031994554118447,0.7950715703782264,0.582543717121668,0.8847190409172003,2,1,17,1,23,15
717,0.7095859031024155,50.094967710975546,2966.0,0.3635057471264368,0.6496377847369024,0.5866298804716783,0.8924900440986661,2,2,17,1,23,16
718,0.7859948715609679,52.28508066269253,2689.0,0.3473053892215569,0.771266179524726,0.6757532858223001,0.9109651493358776,2,1,17,1,23,15
719,0.7464206864760834,51.53696863456805,2940.5,0.3440233236151604,0.7297196168093605,0.5948343816862662,0.9147080609326235,2,2,17,1,23,15
720,0.7255148811220864,52.602799850037634,3252.3,0.3629536921151439,0.788910783068932,0.4945142452663244,0.8931196150310029,2,1,17,1,23,15
721,0.7617713113855908,52.73298516468377,2848.7,0.3877840909090909,0.7961406525754081,0.6243705860587828,0.8648026955225816,1,1,17,1,23,13
722,0.7525195096005485,51.36982183297319,2901.8,0.33075842696629215,0.720437083159229,0.6072859188236996,0.9298355268187168,2,1,17,1,23,15
723,0.7746583129045136,53.07863153394297,2856.7,0.36845827439886847,0.8153361981860934,0.6217966248934219,0.8868421156340255,2,1,17,1,23,16
724,0.6525996227698364,49.3294559417234,3149.2,0.42445054945054944,0.6071249236480114,0.5276861697849133,0.8229877748765846,1,2,17,1,23,14
725,0.7565999980741163,50.782040816324034,2630.1,0.3680555555555556,0.6877945377207644,0.6947040749022699,0.8873013815993146,2,1,17,1,23,14
726,0.717913917219539,50.61310404400178,2904.5,0.384180790960452,0.6784125976605118,0.6064172069303904,0.868911947067715,1,1,15,1,23,14
727,0.7375810750372584,51.28937810018946,2877.9,0.3728813559322034,0.7159696231218118,0.6149756278052154,0.8817979741847484,2,1,17,1,23,13
728,0.7329538791574862,51.20653766093312,3008.5,0.34417344173441733,0.7113690614738989,0.5729557117806985,0.9145368642178614,2,1,17,1,23,15
729,0.76684621640948,52.61362374718372,2928.9,0.34599447513812154,0.7895118905297117,0.5985666253760396,0.9124601333226892,2,1,17,1,23,15
730,0.7235076302571581,51.12947449313305,3048.3,0.3540414161656647,0.7070893418414302,0.5601502549830278,0.9032832939470163,2,1,17,1,23,15
731,0.7253692301954957,52.34329476400263,3216.9,0.3606870229007634,0.7744991121873142,0.5059040234230465,0.8957045549761268,1,1,17,1,23,13
732,0.7760873032792504,51.8888035233112,2701.3,0.35060060060060066,0.74925884318334,0.6717958205305576,0.9072072461238534,2,1,17,1,23,15
733,0.778867778758758,51.241310824227966,2552.2,0.3538205980066445,0.7133001965918073,0.7197680217499719,0.9035351179344948,2,2,17,1,23,15
734,0.7905049573363634,50.759502870845985,2369.2,0.35137457044673537,0.6865428880612519,0.7786473834076029,0.9063246005402358,2,1,17,1,23,13
735,0.7714712458599862,52.76477205763912,2767.6,0.3866959064327485,0.7979059445264104,0.6504641173726291,0.8660436756809193,2,1,17,1,23,14
736,0.7719102747658719,51.86797165614054,2716.1,0.3563988095238095,0.7481019409503229,0.66703399237464,0.9005948909726529,2,1,17,1,23,13
737,0.7638101096788861,50.68775046030298,2621.5,0.34692307692307695,0.6825581024776312,0.6974710831550328,0.9114011434039945,2,1,17,1,23,15
738,0.7406154783249852,51.399020247564906,2966.8,0.3451568894952251,0.7220586234064368,0.5863724843551422,0.9134153272133765,2,1,17,1,23,15
739,0.7236384979891985,50.995184590687515,2860.5,0.4001416430594901,0.6996315231668915,0.6205739933398754,0.850709977460829,1,1,17,1,23,13
740,0.7625941902416911,51.36948076817608,2637.4,0.37883435582822084,0.7204181420522153,0.6923553353388779,0.8750090933339801,2,1,17,1,23,14
741,0.7092859968804137,51.62691429213025,3119.6,0.3955613577023499,0.7347147682872099,0.5372098260967487,0.8559333962572826,2,1,17,1,23,14
742,0.7115071160024463,50.997427836521936,3021.7,0.386684599865501,0.6997561023077714,0.568708675857853,0.8660565698417146,2,1,17,1,23,15
743,0.7085548674538091,48.799244028802725,2645.9,0.3934294871794872,0.5776794907924293,0.689620501600682,0.8583646099683163,2,2,17,1,23,17
744,0.6806458260965611,49.66569683423296,3041.8,0.39734636871508383,0.6257981340803324,0.5622415984298835,0.8538977457794678,2,2,17,1,23,16
745,0.6756332504553733,50.729241502277816,3295.8,0.3906633906633906,0.6848623164358735,0.48051833142967443,0.8615191035005718,1,1,17,1,23,13
746,0.6883264377758885,51.210068675751366,3225.0,0.40066225165562913,0.7115651571428361,0.5032978877431186,0.8501162684417112,2,2,17,1,23,17
747,0.7670038596087192,52.07429939809458,2731.2,0.3750932140193885,0.7595603965675971,0.6621756406750213,0.8792755415835393,2,1,17,1,23,15
748,0.7717634338913041,53.245805981032824,2980.4,0.3493150684931507,0.8246202671347476,0.5819967503740286,0.9086732841651363,2,1,17,1,23,13
749,0.8121995811002398,53.66612297537976,2465.0,0.40882103477523324,0.84796266200273,0.7478241984524058,0.8408118828455838,2,2,17,1,22,16
750,0.654739465579238,50.17443001048846,3339.2,0.40636474908200737,0.6540507406661058,0.46655459210759154,0.8436130639640168,1,1,17,1,23,13
751,0.8072902083665475,52.540181045628366,2565.3,0.33860759493670883,0.7854332342704277,0.7155531603416933,0.9208842304875218,2,1,17,1,23,14
752,0.6998063427890815,48.9774283316377,2642.3,0.42613636363636365,0.587574994452738,0.6907787841250944,0.8210652497894123,1,2,17,1,23,15
753,0.7237630170051016,53.55446020249871,3379.6,0.3779904306220096,0.8417614458451652,0.4535560882225189,0.8759715169476208,1,1,17,1,23,14
754,0.7453857023690038,53.21069073238155,3117.4,0.37834311806914545,0.8226701342328434,0.537917665417223,0.8755693074569455,2,1,17,1,23,15
755,0.7717486868262502,51.499560798089995,2785.0,0.3194444444444444,0.7276421645483965,0.6448657518379691,0.9427381440923851,2,1,17,1,23,14
756,0.7879476121397113,51.985559566784524,2542.3,0.36897106109324757,0.7546322109105409,0.7229532986921059,0.8862573268164871,2,1,17,1,23,15
757,0.6962930656853218,49.56024283934982,2870.8,0.3992932862190813,0.6199417237470002,0.6172600183394732,0.8516774549694921,2,1,17,1,23,14
758,0.8138790881004759,50.76553014394052,2246.1,0.3249097472924188,0.6868776139715579,0.8182542108395939,0.9365054394902761,2,1,17,1,23,14
759,0.7269613489454924,49.945317626469915,2823.9,0.35060060060060066,0.6413269350412223,0.6323498656714016,0.9072072461238534,2,2,17,1,23,16
760,0.7536440065491326,52.528057867081195,2858.9,0.3963068181818181,0.7847599709370172,0.6210887855729476,0.8550832631374329,1,1,17,1,23,15
761,0.730317872993942,52.28053245536559,3126.8,0.37003257328990224,0.7710135938505924,0.5348932610479238,0.8850467640833098,2,1,17,1,23,15
762,0.7680085236002463,53.503798332142885,3005.7,0.36461850101282917,0.8389479279562833,0.5738565981885748,0.8912210446558808,2,1,17,1,23,15
763,0.7544384916141085,51.088385214628964,2697.2,0.3697289156626506,0.7048074399041241,0.6731149756278052,0.8853930593103965,1,1,17,1,23,14
764,0.7598157412488293,52.848779806720884,2982.8,0.36073369565217395,0.8025713329770576,0.5812245620244203,0.89565132874501,2,1,17,1,23,15
765,0.700595803085111,51.311778168544414,3251.8,0.36577805331680097,0.717213615745578,0.49467511783915946,0.8898986756705958,2,1,17,1,23,16
766,0.773771646835602,51.30114024957423,2639.9,0.34539732494099135,0.7166228366228794,0.6915509724747027,0.9131411314092238,2,1,17,2,23,14
767,0.7141026886568691,51.04475004609615,3095.3,0.36139630390143734,0.7023841514153812,0.5450282331365324,0.8948956814186939,2,2,17,1,23,16
768,0.7385168309557004,50.24185235111963,2600.3,0.3977272727272727,0.6577950548839542,0.7042920802432392,0.853463357739908,2,2,17,1,23,17
769,0.7623294941852383,53.10360679984916,2987.6,0.36517615176151763,0.8167232049608754,0.5796801853252038,0.8905850922696359,2,1,17,1,23,16
770,0.6985175987328551,50.056301777524865,2926.0,0.4020245842371656,0.6474904637894179,0.5994996862984829,0.8485626461106646,2,2,17,1,23,16
771,0.7368389795797012,52.51536194234614,2990.6,0.4027397260273972,0.784054900020624,0.5787149498881935,0.8477470888302863,1,1,17,1,23,14
772,0.8147219719045116,53.010033444813544,2575.3,0.3391167192429022,0.8115265885219969,0.7123357088849921,0.9203036183065458,2,1,17,1,23,15
773,0.7313566088126249,51.18500495629179,2886.7,0.38169014084507047,0.7101732380809035,0.6121442705233184,0.8717523178336526,2,1,17,1,23,14
774,0.7559654871679323,51.725360815876506,2727.5,0.3881824981301421,0.7401820172007014,0.6633660977140007,0.8643483465890949,2,1,17,1,23,16
775,0.747344226960471,53.41995752082809,3151.7,0.37370466321243523,0.8342918104305034,0.526881806920738,0.8808590635301717,1,1,17,1,23,15
776,0.738077313428328,52.177956905903166,3045.2,0.36764705882352944,0.765317038604064,0.5611476649346053,0.8877672367463152,2,1,17,1,23,15
777,0.7854281584369489,53.71570265753583,2853.3,0.37210982658959535,0.8507160803367049,0.6228905583887002,0.8826778365854417,2,1,15,1,23,13
778,0.6596095137568334,50.064808813995775,3308.9,0.39676375404530745,0.6479629038932705,0.47630347002139595,0.8545621673558341,2,2,17,1,23,15
779,0.6816931667120963,51.33266837243292,3328.9,0.3947688564476886,0.7183737577207931,0.46986856710799363,0.8568371753075023,1,1,17,1,23,14
780,0.6025512676996709,48.60107969531589,3538.4,0.41083384053560557,0.5666743918237631,0.4024629590901046,0.838516452185145,2,2,15,1,23,16
781,0.6871041204370703,50.088683930469024,2999.5,0.4128895184135977,0.6492888136321893,0.5758514180917295,0.8361721295872923,2,2,17,1,23,17
782,0.7026471386342981,50.29524563218819,2935.4,0.40014524328249823,0.6607602622554427,0.5964752819291838,0.8507058717182681,2,2,17,1,23,17
783,0.7666950274963397,50.91102540231162,2648.9,0.3424764890282132,0.6949577245024066,0.6886552661636717,0.9164720918229409,2,1,17,2,23,15
784,0.7151281224251967,51.3633481293567,3035.9,0.3909722222222222,0.7200775646336717,0.5641398947893372,0.8611669078525814,2,2,17,1,23,17
785,0.775764904823067,52.22007405708033,2709.7,0.36521084337349397,0.767656023671797,0.6690931613069288,0.8905455294904754,2,1,17,1,23,14
786,0.7067096223885511,50.489637895692994,3020.8,0.37483085250338294,0.6715558785046982,0.568998246488956,0.8795747421719989,2,1,17,1,23,13
787,0.7401237898109443,52.586549388815534,3209.3,0.33586337760910817,0.7880083102026553,0.5083492865301393,0.9240137727000386,2,1,17,1,23,15
788,0.8403557967064296,53.32691613524028,2249.4,0.37906137184115524,0.8291247370295591,0.8171924518588825,0.8747502012308473,2,1,17,1,23,14
789,0.6685835022400045,49.49715289384699,3007.2,0.43063186813186816,0.6164380100263244,0.5733739804700696,0.8159385162236196,1,1,19,1,23,13
790,0.8105168006421035,53.28399629971982,2688.6,0.33155487804878053,0.826741174713826,0.6758819838805682,0.9289272433319163,2,1,17,1,23,15
791,0.7640000151602037,51.01214574898525,2752.9,0.32514880952380953,0.7005734647484332,0.6551937710139797,0.9362328097181982,2,1,15,1,23,15
792,0.7696428000711217,51.974002020110724,2660.3,0.3832699619771863,0.7539903600651233,0.6849873715030323,0.8699506686452096,2,1,17,1,23,15
793,0.7408949798266824,51.36251854359087,2922.3,0.35519888346127004,0.7200314934093737,0.6006901433374623,0.9019633027332111,2,1,17,1,23,13
794,0.7339450220398134,50.09321654359055,2716.4,0.36976047904191617,0.6495405332787642,0.666937468830939,0.8853570640097372,2,1,17,1,23,15
795,0.7339244343441624,51.14203202940128,2995.2,0.3422313483915127,0.7077867273244925,0.577234922218111,0.9167516534898839,2,1,17,1,23,13
796,0.69263513968849,51.18590346235171,3208.0,0.3929471032745592,0.7102231368085876,0.5087675552195106,0.8589147270373718,2,1,17,1,23,14
797,0.7362332604991502,50.79708636836371,2744.4,0.390117994100295,0.6886300956959125,0.6579286047521757,0.8621410810493623,2,1,17,1,23,15
798,0.7630380084406616,51.5769736029527,2603.5,0.3973354231974922,0.7319413013504925,0.7032624957770949,0.8539102281943977,1,1,17,1,23,13
799,0.8045114471143244,52.462396326317794,2512.9,0.35691318327974275,0.7811134431193142,0.7324126059748073,0.9000082922488517,2,1,17,1,23,15
800,0.8201010122133513,52.604330470543175,2454.1,0.3394039735099338,0.7889957864085873,0.7513312205402101,0.9199760296912568,2,1,17,1,23,15
801,0.7091828624102844,51.079245283015965,3148.4,0.36103723404255317,0.7042998518321536,0.5279435659014493,0.8953051694972504,1,1,17,2,23,13
802,0.7911346352168503,52.01954173260608,2566.0,0.3555555555555555,0.7565194178132941,0.7153279387397242,0.9015565490975328,2,1,17,1,23,15
803,0.8173316983473687,53.39800110656983,2545.6,0.3595238095238095,0.8330724562326135,0.7218915397113945,0.8970310990980983,2,1,17,1,23,15
804,0.7866911996846739,52.3049850656392,2572.6,0.37928286852589643,0.7723715748321761,0.7132044207783015,0.8744976034435445,2,1,17,1,23,14
805,0.8312344117312283,52.78552063843371,2347.7,0.34895833333333337,0.7990582214325822,0.7855649040395103,0.9090801097215923,2,1,17,1,23,14
806,0.7369920304818213,50.79423377100096,2827.9,0.36442516268980474,0.6884716760865791,0.6310628850887211,0.8914415302701637,2,1,17,1,23,15
807,0.7804901741049033,51.75154747274058,2594.9,0.3623529411764706,0.7416362988334091,0.7060295040298579,0.8938047194514429,2,1,17,1,23,14
808,0.7141233915010401,50.61438709738936,2988.3,0.37057220708446864,0.6784838523069153,0.5794549637232347,0.8844313584729705,2,1,17,1,23,15
809,0.7836720585343664,53.00025753283272,2788.9,0.36005830903790087,0.8109836811432324,0.6436109457698556,0.8964215486900114,2,1,17,1,23,13
810,0.7766983999682282,52.0060411057824,2693.8,0.3568181818181818,0.7557696575929794,0.6742089091230835,0.9001166331886218,2,1,17,1,23,15
811,0.6974325485022094,50.69881574735658,3083.0,0.39187327823691465,0.6831726155789493,0.5489856984282749,0.860139331499404,2,2,17,1,23,16
812,0.7642966314413095,51.30491803278438,2643.0,0.36963190184049083,0.7168326366276446,0.6905535625231254,0.885503695173159,2,1,17,1,23,16
813,0.8118272652508103,52.73048392793818,2528.0,0.34646302250803857,0.7960017458536741,0.7275542542751886,0.9119257956235679,2,1,17,1,23,14
814,0.739787125633314,51.05607050599946,2837.4,0.36714285714285716,0.7030128355959026,0.6280063062048551,0.8883422350991844,2,1,17,1,23,15
815,0.8088924779549954,53.372868791694884,2711.9,0.33358208955223884,0.8316767277095046,0.6683853219864544,0.9266153841690273,2,1,17,1,23,14
816,0.7354866875289956,52.457735870108024,3188.0,0.34779834077855776,0.7808546236792808,0.5152024581329129,0.9104029807747932,2,1,17,1,23,13
817,0.7485773587743743,51.108213820075605,2797.3,0.3578717201166181,0.7059086257810742,0.6409082865462267,0.898915163995822,2,1,17,1,23,13
818,0.7239501321285735,50.33446033809878,2835.3,0.37425595238095233,0.6629380593997599,0.6286819710107623,0.8802303659751985,2,2,17,1,23,17
819,0.6812083327346019,50.73789141000264,3256.3,0.3875628140703518,0.685342690925604,0.493227264683644,0.8650550425945578,1,1,17,1,23,15
820,0.7156047701974058,51.192415938376605,3130.1,0.35481770833333337,0.7105848085682022,0.5338315020672125,0.9023979999568025,2,1,17,1,23,16
821,0.7547544646076698,51.2309287202713,2764.4,0.35688005886681384,0.7127236242110178,0.6514937018387734,0.9000460677732183,2,1,17,1,23,16
822,0.7656484793270297,51.92130906416351,2862.1,0.33427762039660064,0.751064045400183,0.6200592011068032,0.9258221914741028,2,1,17,1,23,16
823,0.7568378464024478,51.20771942228848,2775.2,0.3472222222222222,0.7114346908454623,0.6480188542655363,0.9110599940963449,2,1,17,1,23,14
824,0.7558931767398323,51.67751627440897,2792.4,0.3677325581395349,0.7375249602788227,0.6424848377600102,0.8876697321806638,2,1,17,1,23,14
825,0.7626501423975987,50.04594613698789,2486.6,0.3567796610169492,0.646915361060344,0.7408745033059313,0.9001605628265208,2,2,17,1,23,16
826,0.7516536347394791,51.823770491800595,2831.1,0.3750889679715303,0.7456472197624474,0.6300333006225768,0.8792803838334132,2,1,17,1,23,16
827,0.7445684955521902,50.41248889452727,2692.7,0.3640483383685801,0.6672713920977692,0.6745628287833207,0.8918712657754806,2,1,17,1,23,16
828,0.7538653168647333,52.46514890258944,2952.3,0.3663101604278075,0.7812663080357967,0.5910377889673588,0.8892918535910445,2,1,17,1,22,14
829,0.7443514331301426,52.32911905888427,3051.2,0.3568106312292359,0.773711861348411,0.5592171940605846,0.9001252439814327,2,1,17,1,23,15
830,0.7674704383847091,52.534956139455396,2900.0,0.34867503486750345,0.7851430679800375,0.6078650600859059,0.9094031870881838,2,1,17,1,23,16
831,0.820418265540385,52.223565420919094,2300.1,0.36347517730496454,0.7678499173150432,0.8008799729734077,0.8925249063327043,2,1,17,1,23,15
832,0.8012612905563805,51.79089698500796,2570.7,0.3164556962025316,0.7438215824778042,0.7138157365550747,0.9461465526362629,2,1,17,1,23,14
833,0.7561472886932534,51.44161663988915,2765.5,0.36316568047337283,0.724424223234559,0.6511397821785363,0.8928778606666649,2,1,17,1,23,13
834,0.7470490845243638,51.2387409978107,2868.6,0.34813248766737137,0.7131574807278743,0.6179678576599476,0.9100219151852695,2,1,17,1,23,14
835,0.7938307126827239,52.41858787262392,2675.2,0.3370870870870871,0.7786805312018051,0.6801933688325478,0.9226182380138189,2,1,17,1,23,14
836,0.773780147797478,52.772064936767165,2713.4,0.3962686567164179,0.7983109561405513,0.6679027042679493,0.8551267829839334,1,1,17,1,23,12
837,0.7492906103751125,52.85354697798944,3057.5,0.3675783855903936,0.8028360788608798,0.5571901996428629,0.8878455526215949,2,1,17,1,23,13
838,0.7171774889069248,51.63870595586888,3046.1,0.39611260053619307,0.7353696208742797,0.5608580943035022,0.8553047515429925,2,1,17,1,23,15
839,0.7377786030197008,52.28136330674112,3061.6,0.36884154460719043,0.7710597353607981,0.5558710445456154,0.8864050291526889,2,1,17,1,23,15
840,0.7382609102224208,51.927363509373954,2962.0,0.378434065934066,0.751400280319802,0.5879168610543588,0.8754655892931018,2,1,17,1,23,14
841,0.7521755487493846,51.78926765617087,2786.1,0.38473167044595613,0.7437310973496826,0.644511832177732,0.8682837167207395,2,2,17,1,23,17
842,0.7574345918213063,51.049303017701035,2641.1,0.37577160493827166,0.7026370016747173,0.6911648782998986,0.8785018954893034,2,1,17,1,23,14
843,0.7745772188550833,52.30792378209062,2732.7,0.3661242603550296,0.7725347770836593,0.6616930229565161,0.8895038565250748,2,1,17,1,23,14
844,0.7506565467900835,50.59580732160451,2681.6,0.36009174311926606,0.6774520204543812,0.678134199900259,0.8963834200156106,2,1,17,1,23,14
845,0.7145872350047477,50.82170754836609,2929.2,0.3961218836565097,0.6899974382337137,0.5984701018323386,0.8552941649481909,2,1,17,1,23,14
846,0.6536292670537076,49.012314470402735,3209.6,0.3892572944297082,0.5895124036877323,0.5082527629864384,0.8631226344869525,2,2,17,1,23,17
847,0.7798258444909929,51.35372343380004,2599.4,0.34345794392523366,0.7195430550916134,0.7045816508743423,0.9153528275070232,2,1,17,1,23,14
848,0.7431427004164901,52.21745350500433,2967.8,0.3780821917808219,0.7675104907474735,0.586050739209472,0.8758668712925247,1,1,17,1,23,14
849,0.6974379140644364,52.101029908112125,3390.1,0.37350119904076734,0.761044881202394,0.45017776419298267,0.8810910967979327,2,1,17,1,23,14
850,0.7610069346211072,52.32687781310381,2795.8,0.3849431818181818,0.773587393280959,0.6413909042647318,0.868042506317631,2,1,17,1,22,14
851,0.7719084891845538,52.17280109119312,2786.2,0.3514705882352941,0.7650307093229579,0.644479657663165,0.9062151005675387,2,1,17,1,23,15
852,0.7309920287034003,51.40108698939959,2943.6,0.3771186440677966,0.722173400359651,0.593836971734689,0.8769657140158609,2,1,19,1,23,14
853,0.7392353517932925,52.05241876552544,3042.8,0.35916442048517516,0.758345250922145,0.5619198532842135,0.897440951173519,2,1,17,1,23,12
854,0.6927741781041079,51.13461574979291,3173.8,0.3997326203208556,0.7073748626380814,0.5197712392014284,0.8511764324728143,1,2,17,1,23,16
855,0.730721695742734,52.18535720075622,3089.0,0.375,0.7657280155736436,0.5470552275542542,0.8793818441003046,2,1,17,1,23,13
856,0.7995264055926701,52.64490481655199,2502.4,0.3818770226537217,0.79124909145879,0.7357909300043435,0.8715391953148771,2,1,17,1,23,14
857,0.7038636216113229,51.39452922339005,3264.0,0.35776942355889724,0.7218092134109785,0.4907498270619841,0.8990318243610061,2,1,17,1,23,14
858,0.7558655906093641,51.305966247723184,2749.9,0.36170212765957444,0.7168908494701829,0.6561590064509901,0.8945469159069196,2,1,17,1,23,15
859,0.776062520512567,52.11555669180355,2778.4,0.33995584988962474,0.7618516292655167,0.6469892697993919,0.9193466624727925,2,1,17,1,23,13
860,0.8108717347503025,51.64143037095857,2258.9,0.37186379928315416,0.7355209218534529,0.8141358729750164,0.8829584094224381,2,1,17,1,23,15
861,0.7888435415623196,54.63774803876025,2999.1,0.36689189189189186,0.9019220693026774,0.5759801161499976,0.8886284392342839,2,1,17,1,23,15
862,0.7919339719930331,52.41027445460684,2676.2,0.3413897280966767,0.778218843740515,0.6798716236868776,0.9177114485517068,2,1,17,1,23,14
863,0.749628214685526,51.46048661487828,2747.8,0.3862275449101797,0.7254721713624466,0.6568346712568973,0.8665778014372343,2,1,15,1,23,12
864,0.8006761098351303,52.6813306671489,2604.9,0.3517080745341614,0.7932720089222064,0.7028120525731567,0.9059442680100278,2,1,17,1,23,15
865,0.7126091479243795,51.05245314088938,2977.6,0.3989071038251366,0.7028119444448979,0.582897636781905,0.8521178625463355,1,1,17,1,23,15
866,0.7358056524962204,52.68358918266211,3155.0,0.36726804123711343,0.793397436067989,0.5258200479400267,0.8881994734806457,2,1,17,1,23,13
867,0.7038891076252688,51.094506814850924,3071.2,0.3974867724867725,0.7051474042917809,0.5527822911471824,0.8537376274368433,2,1,17,1,23,15
868,0.8402938638111077,51.854735554193994,2128.3,0.3416988416988417,0.7473668711760703,0.8561557889995334,0.9173589312577196,2,1,17,1,23,13
869,0.753868341618571,52.59499263622685,3034.4,0.3494623655913978,0.7884772077673354,0.5646225125078425,0.9085053045805352,2,1,17,1,23,14
870,0.7392393197106655,51.51200636846126,2897.1,0.373943661971831,0.7283333319812401,0.6087981210083493,0.8805865061424074,2,1,17,1,23,13
871,0.7797902552251328,53.703839122483416,2897.3,0.3739495798319327,0.8500572363607342,0.6087337719792152,0.8805797573354489,2,1,17,1,23,14
872,0.7284701600015306,51.232222964586306,3026.6,0.35211267605633806,0.7127955003479878,0.5671321246440694,0.9054828550125349,2,1,17,1,23,13
873,0.7269008201179397,50.38830015252608,2846.0,0.3660968660968661,0.6659280650975633,0.6252392979520921,0.8895350973041636,2,1,17,1,23,13
874,0.7459622456342034,51.13524773098966,2909.2,0.33449720670391064,0.7074099598500481,0.6049050047457409,0.9255717723068213,2,1,17,1,23,14
875,0.7148025761069243,51.49667030725677,3006.0,0.40675675675675677,0.7274816405170135,0.5737600746448738,0.8431660131588856,1,1,17,1,23,13
876,0.7466112842227937,51.336020458632845,2750.1,0.3874538745387454,0.7185599165503493,0.6560946574218561,0.8651792786961757,2,1,17,1,23,15
877,0.7397253180975643,51.32102147211883,2947.4,0.3491735537190083,0.7177269446017045,0.5926143401811425,0.908834669509846,2,1,17,1,23,13
878,0.7481976277097446,51.853295716847754,2859.9,0.37749287749287747,0.7472869094987324,0.6207670404272775,0.8765389332032242,2,1,17,1,23,12
879,0.7590393013239732,52.8766824804115,3013.9,0.35536075522589344,0.804120913974064,0.5712182879940798,0.901778702003776,2,1,17,1,23,14
880,0.7603016278738,51.61732133494286,2753.5,0.3641791044776119,0.7341820213423291,0.6550007239265777,0.8917221383524934,2,1,17,1,23,13
881,0.7623796564158452,52.299350350398775,2904.6,0.34929577464788736,0.7720586497069025,0.6063850324158234,0.9086952871248094,2,1,17,1,23,13
882,0.6721535005179221,49.79775937474044,3094.6,0.4112211221122112,0.6331322557295987,0.5452534547385016,0.8380747910856661,2,1,17,1,23,13
883,0.6846566966738323,50.82079097668445,3254.8,0.3829516539440204,0.6899465362278336,0.49370988240214914,0.8703136713915144,2,1,15,1,23,14
884,0.7701097731388681,52.29177579884492,2721.8,0.38016528925619836,0.7716379953538879,0.6652000450443203,0.8734912790183962,2,1,17,1,23,14
885,0.8226045409966993,53.35632639268941,2576.5,0.33490566037735847,0.8307580420155096,0.711949614710188,0.9251059662644004,2,1,17,1,23,14
886,0.7741878550059198,52.956131448716086,2855.2,0.36415362731152207,0.8085331295517398,0.6222792426119271,0.8917511928540928,2,1,17,1,23,13
887,0.7556418366155483,51.972943667059795,2848.5,0.3669527896995708,0.7539315842003432,0.6244349350879168,0.8885589905583849,2,1,17,1,23,15
888,0.7795435140901019,53.36038339319253,2905.9,0.35544692737430167,0.830983348412817,0.6059667637264522,0.9016804301310367,2,1,17,1,23,14
889,0.7985304328384439,53.29923617887283,2667.8,0.3696969696969697,0.827587524687095,0.6825742829105065,0.8854294909177305,2,1,17,1,23,13
890,0.7279757476072712,50.709305121420755,2865.5,0.3733997155049787,0.6837551452282781,0.6189652676115248,0.881206829982011,2,1,17,1,23,13
891,0.7362824228044837,52.482406994549535,3062.5,0.38231382978723405,0.7822247398922729,0.5555814739145123,0.8710410546066664,2,1,17,1,23,13
892,0.7578470626837149,52.93960686649179,3028.2,0.3575268817204301,0.8076154333165276,0.5666173324109972,0.8993084223236202,2,1,17,1,23,13
893,0.7680297719690952,50.98778913928077,2613.1,0.35280373831775697,0.6992208151791466,0.7001737423786618,0.904694758349477,2,1,17,1,23,13
894,0.7568867930995646,51.62895415899638,2835.7,0.35053763440860214,0.7348280527332534,0.6285532729524943,0.9072790536129464,2,1,17,1,23,14
895,0.7709688664254084,53.215105361983376,2877.4,0.3789696541990121,0.822915301639224,0.6151365003780505,0.8748547972589508,2,1,17,1,23,15
896,0.7147321453576191,52.774661099560994,3259.2,0.397741530740276,0.7984551346008328,0.49229420376120075,0.8534470977108236,2,1,17,1,23,13
897,0.7105630243305834,51.429043904856094,3158.1,0.37170418006430866,0.7237259936848164,0.5248226379884493,0.8831404413184843,2,1,17,1,23,14
898,0.7393682646548763,50.57811976570403,2833.4,0.3460982658959537,0.6764697382254173,0.6292932867875355,0.912341768951676,2,1,17,1,23,12
899,0.7315345954040509,50.79287631129279,2844.9,0.37391930835734866,0.6883962892691253,0.6255932176123292,0.8806142793306981,2,1,17,1,23,13
900,0.7734152471828095,52.2165234719519,2726.9,0.3663663663663664,0.7674588411614658,0.6635591448014028,0.8892277555855603,2,1,17,1,23,14
901,0.7869629401925476,54.32346820571926,2979.4,0.36209239130434784,0.8844684710410017,0.5823184955196987,0.8941018540169428,2,1,17,1,23,14
902,0.6783886166181914,50.370740054182214,3209.0,0.39044585987261143,0.6649528612514758,0.5084458100738405,0.861767178529258,2,1,17,1,23,15
903,0.7583116484304668,54.0348894971089,3141.5,0.3776768332251785,0.8684421902637001,0.5301636074065732,0.8763291476211273,2,1,17,1,23,13
904,0.7340549175411105,51.92910491079778,3054.4,0.36351441985244803,0.751496989423182,0.5581876095944401,0.8924801536057095,2,1,17,1,23,14
905,0.7649738297606402,52.7591621424658,2927.0,0.3585434173669468,0.7975943966782082,0.5991779411528128,0.8981491514508998,2,1,17,1,23,15
906,0.7787053172626495,51.86285157028935,2650.0,0.3569230769230769,0.7478175958790938,0.6883013465034346,0.89999700940542,2,1,17,1,23,13
907,0.7730016020742898,51.735410575374765,2716.9,0.3468468468468469,0.7407401327603663,0.6667765962581038,0.9114880772043994,2,1,17,1,23,13
908,0.740782237580415,52.6044352759125,3005.9,0.3923875432525952,0.7890016067973604,0.5737922491594407,0.859552856784444,2,1,15,1,23,12
909,0.7336234127336725,50.35911140804824,2745.4,0.37537313432835817,0.6643070618822141,0.6576068596065056,0.8789563167122981,2,1,17,1,23,13
910,0.7532605343981094,51.44839223773992,2804.6,0.36005830903790087,0.7248005075214816,0.6385595469828349,0.8964215486900114,2,1,17,1,23,14
911,0.7578217072241804,50.80159672024779,2674.7,0.3532110091743119,0.688880579059868,0.6803542414053828,0.9042303012072903,2,1,17,1,23,13
912,0.7960922626051908,53.312364851579744,2748.5,0.35398230088495575,0.8283166283553713,0.6566094496549283,0.9033507098052731,2,1,17,1,23,14
913,0.7012409867411094,51.1954033307867,3222.1,0.3667929292929293,0.7107507140495408,0.504230948665562,0.8887412975082256,2,1,17,1,23,14
914,0.6939728140148382,49.91263777259107,3011.6,0.38283378746594005,0.6395120523128824,0.5719583018291211,0.8704480879025113,2,1,17,1,23,14
915,0.7555833353135368,52.91710326011454,3011.2,0.36718224613315403,0.8063656906863784,0.5720869998873892,0.8882973153668432,2,1,17,1,23,15
916,0.8171121310324962,52.739447301244354,2419.4,0.36363636363636365,0.7964995287220231,0.762495777094963,0.8923410872805029,2,1,17,1,23,13
917,0.7789108060517482,51.813903485193364,2640.4,0.3567073170731707,0.7450992534239728,0.6913900999018676,0.9002430648294043,2,1,17,1,23,15
918,0.7769961564989254,50.87990120407294,2525.4,0.348705501618123,0.6932292354453186,0.7283907916539308,0.909368442397527,2,1,17,1,23,13
919,0.7897915662319848,52.09080047789471,2645.2,0.34021406727828746,0.7604767875906181,0.6898457232026511,0.9190521879026853,2,1,17,1,23,15
920,0.7723446285158324,51.32438493288449,2650.6,0.3472644376899696,0.7179137351202203,0.6881082994160326,0.9110118510112445,2,1,17,1,23,13
921,0.7711603949249198,51.904470816379806,2767.1,0.3457602339181286,0.7501289296805276,0.6506249899454641,0.912727265148768,2,1,17,1,23,13
922,0.7604493230512956,52.10483227038601,2919.2,0.34078212290502796,0.7612560462107614,0.6016875532890398,0.918404369654086,2,1,17,1,23,12
923,0.7085544768690314,51.880693919289996,3150.8,0.4010416666666667,0.7488084745762364,0.5271713775518411,0.8496835784790168,2,1,17,1,23,12
924,0.8212931259865064,51.99602430708228,2327.6,0.3423344947735191,0.7552133725183429,0.7920319814674796,0.9166340239736969,2,1,17,1,23,13
925,0.7710385441848115,51.60615666154444,2676.4,0.35714285714285715,0.7335619887989321,0.6798072746577435,0.899746369097759,2,1,17,1,23,13
926,0.7821121256987424,53.4509065272035,2873.8,0.36215450035435864,0.8360105701697067,0.6162947829024629,0.894031024024058,2,1,17,1,23,12
927,0.8058274594365706,51.90463074951565,2447.7,0.3446843853820598,0.7501378116016953,0.7533903894724988,0.9139541772355179,2,1,17,1,23,12
928,0.6779531262863683,50.59452723401753,3310.8,0.37376847290640397,0.677380930514353,0.4756921542446227,0.8807862941001291,2,1,17,1,23,14
929,0.7718949359575044,52.46670575424802,2827.5,0.3541666666666667,0.7813527681281892,0.6311915831469892,0.9031404565973347,2,1,17,1,23,14
930,0.7131346647255661,51.0292494225228,3143.9,0.34947643979057585,0.7015233209445334,0.5293914190569649,0.9084892541752002,2,1,17,1,23,13
931,0.8172916413043594,52.05418609815448,2387.7,0.33873720136518776,0.7584434001205954,0.7726950982127058,0.9207364255797769,2,1,17,1,23,14
932,0.7276399563438916,51.77876843187885,2988.4,0.3916893732970027,0.7431480206658273,0.5794227892086677,0.8603490591571796,2,1,17,1,23,14
933,0.7751985478971949,51.17942681214946,2582.5,0.35191082802547774,0.7098634546437547,0.7100191438361673,0.9057130452116628,2,1,17,1,23,14
934,0.7545933337041955,51.34359186202359,2805.5,0.35119478638667634,0.7189803960694467,0.6382699763517318,0.9065296286914079,2,1,17,1,23,13
935,0.7403820732567307,52.16267549098026,2999.8,0.3736486486486486,0.7644683819328625,0.5757548945480284,0.8809229432893012,2,1,17,1,23,15
936,0.7341364154031699,51.907008469274665,3094.7,0.3508541392904074,0.7502698587809598,0.5452212802239346,0.9069181072046154,2,1,17,1,23,12
937,0.7465281293018755,51.6678876174923,2843.7,0.3774263120057513,0.7369902307417824,0.6259793117871334,0.8766148453767109,2,1,17,1,23,14
938,0.7401710629269119,51.08917163824247,2777.4,0.38467261904761907,0.7048511141089905,0.6473110149450619,0.8683510597266834,2,1,19,1,23,14
939,0.7287174095560152,51.47583804962712,3012.2,0.3673883626522327,0.7263247165997725,0.5717652547417191,0.8880622573265538,2,1,17,1,23,13
940,0.7747708230314538,50.99958059555195,2511.5,0.36430921052631576,0.6998756562444668,0.7328630491787455,0.8915737636711492,2,1,17,1,23,12
941,0.6776920631353138,49.80212236892513,3229.3,0.3588607594936709,0.6333745555519604,0.501914383616737,0.8977872502372444,2,1,17,1,23,13
942,0.8029789256622976,52.59175270036152,2560.7,0.3537581699346405,0.7882972772307817,0.7170331880117758,0.9036063117443354,2,1,17,2,23,14
943,0.7711324971426101,52.11535032047316,2791.3,0.3492753623188406,0.7618401683892065,0.6428387574202473,0.9087185656183766,2,1,17,1,23,15
944,0.7335803481500343,51.25168236877253,2892.5,0.3774509803921568,0.7138761825533699,0.6102781486784318,0.8765867132183011,2,1,17,1,23,15
945,0.7355448518832925,51.41046206815327,2964.9,0.3595890410958904,0.7226940473787585,0.5869838001319154,0.8969567081392036,2,1,17,1,23,16
946,0.8291674361980064,52.65024728980135,2375.8,0.3398804440649018,0.7915457868621055,0.77652386544618,0.9194326562857338,2,1,17,1,23,14
947,0.7610725188174684,51.49328859060141,2776.2,0.3497067448680352,0.7272938361537287,0.6476971091198661,0.9082266111788104,2,1,17,1,23,12
948,0.7876263431464899,52.6865818791258,2708.6,0.3570359281437126,0.7935636361110872,0.6694470809671659,0.8998683123612169,2,1,17,1,23,15
949,0.7654946509633143,52.1305368173994,2799.1,0.3626453488372093,0.7626835537690067,0.6403291452840205,0.8934712538369156,2,1,17,1,23,16
950,0.7618538233000011,51.7159714143234,2788.5,0.35502530730296455,0.7396605747618411,0.6437396438281237,0.9021612513100385,2,1,17,1,23,16
951,0.7602358170636769,51.33038305761614,2648.4,0.38003095975232204,0.7182468422699111,0.6888161387365067,0.873644470184613,2,1,17,1,23,14
952,0.7097567709657162,51.503179715510576,3202.9,0.3647959183673469,0.7278431419072994,0.5104084554624281,0.8910187155274214,2,1,17,1,23,13
953,0.7610236881044743,50.392651877313995,2642.9,0.33384497313891015,0.6661697390715461,0.6905857370376923,0.9263155882041847,2,1,17,1,23,16
954,0.7547982404571434,52.24862888482357,2890.0,0.370888733379986,0.7692418221846681,0.6110825115426071,0.8840703876441552,2,1,17,1,23,14
955,0.7682904421404573,52.98750895058981,2999.3,0.3405405405405405,0.8102756858807919,0.5759157671208635,0.9186798734197167,2,1,17,1,23,16
956,0.7715068987936626,52.402868457666145,2764.5,0.36985294117647055,0.7778075501042693,0.6514615273242065,0.885251618952512,2,1,17,1,23,16
957,0.7810868970780493,51.090541063019266,2549.7,0.34134615384615385,0.704927165409109,0.7205723846141472,0.9177611412108918,2,1,17,1,23,15
958,0.7559875343980447,51.29239692346226,2758.1,0.3584070796460177,0.7161372741228853,0.6535206962564952,0.8983046328147534,2,1,17,1,23,14
959,0.6804029663430026,51.305821716417455,3361.2,0.3877427184466019,0.7168828228929698,0.459476198902849,0.8648498772331891,2,1,17,1,23,13
960,0.7065789284124331,51.239537664405184,3255.9,0.3453640323584319,0.7132017237788968,0.493355962741912,0.9131790987164905,2,1,17,1,23,15
961,0.7337865188284834,52.10274042998199,3158.0,0.3434473854099419,0.7611398754030897,0.5248548125030162,0.9153648685793445,2,1,17,1,23,14
962,0.745438864653746,51.93972427059677,2914.3,0.3736111111111111,0.7520867378583085,0.6032641045028232,0.8809657516001066,2,1,17,1,23,14
963,0.7215733768872412,52.96418564651396,3252.2,0.39094908862350725,0.8089804211622895,0.49454641978089153,0.861193289718543,2,1,17,1,23,13
964,0.81578322519777,53.66198605919523,2684.2,0.3373493975903614,0.8477329174708319,0.6772976625215167,0.9223190956009616,2,1,17,1,23,15
965,0.7335869679551367,52.47441704411714,3174.5,0.3574168797953964,0.7817810162730118,0.5195460175994594,0.8994338699929388,2,1,17,1,23,15
966,0.7775050175350523,51.99913698147658,2670.8,0.3608490566037736,0.7553862355616755,0.6816090474734962,0.8955197695699854,2,1,17,2,23,15
967,0.6981743054011053,50.054982945964866,3030.7,0.37332439678284185,0.647417222194498,0.5658129695468219,0.8812927244619959,2,1,17,1,23,15
968,0.8183655565099152,52.027513595388996,2322.2,0.35309278350515466,0.7569621369310432,0.7937694052540982,0.9043651273446043,2,1,17,1,23,15
969,0.724903738463391,51.28378580026186,2910.9,0.39664804469273746,0.7156590535400774,0.6043580379981016,0.854694123851994,2,1,17,1,23,14
970,0.8440021426105025,54.44542142946619,2462.6,0.36378737541528233,0.891241169605206,0.7485963868020141,0.8921688714242877,2,1,17,1,23,16
971,0.7604591928256574,50.42397077995298,2626.3,0.3415384615384615,0.6679090410794676,0.6959267064558162,0.9175418309416884,2,1,17,1,23,14
972,0.8095750966049501,51.8655498749025,2417.5,0.3414429530201342,0.7479674468073249,0.7631070928717363,0.9176507501357895,2,1,17,1,23,14
973,0.728373743036652,50.31116934162857,2860.4,0.35440340909090906,0.6616445888910999,0.6206061678544424,0.902870472364414,2,1,17,1,23,16
974,0.7279534855105793,52.21776186991746,2999.9,0.40899795501022496,0.7675276158593832,0.5757227200334614,0.8406101206388934,2,1,17,1,23,14
975,0.7253465281308367,51.320046893314824,3087.7,0.34736842105263155,0.7176728211577823,0.5474734962436254,0.9108932669911025,2,1,17,1,23,16
976,0.7168966996357626,50.93690248565688,3009.6,0.372972972972973,0.6963948139030272,0.5726017921204614,0.8816934928837994,2,1,17,1,23,15
977,0.7862389237844392,52.01348802651637,2552.9,0.37183544303797467,0.7561832239409044,0.7195428001480026,0.8829907472644104,2,1,17,1,23,16
978,0.7659988740117768,52.57879801873176,2908.2,0.35236768802228413,0.7875778361944737,0.605226749891411,0.905192035949446,2,1,17,1,23,15
979,0.735655170935559,51.28488532743585,2834.1,0.3900862068965517,0.7157201160186556,0.6290680651855665,0.8621773316024551,2,1,17,1,23,16
980,0.7629788164632327,50.98944100039088,2694.9,0.34309309309309316,0.6993125516419065,0.6738549894628464,0.9157689082849454,1,1,17,1,23,14
981,0.6866581551427924,51.52275232383245,3351.9,0.3844754396604002,0.7289301109287528,0.46246842875758104,0.8685759257420435,2,1,17,1,23,14
982,0.7532099162126857,50.67613802991051,2648.9,0.36651234567901236,0.6819132036530687,0.6886552661636717,0.8890612788213168,2,1,17,1,23,15
983,0.8067374960285504,53.68776751520342,2697.1,0.35876132930513593,0.8491646961866789,0.6731471501423723,0.8979006417566,2,1,17,1,23,15
984,0.8019824869676694,52.09816009330207,2467.8,0.3585526315789474,0.7608855054184137,0.7469233120445294,0.8981386434400652,2,1,17,1,23,16
985,0.7561931021469892,51.2312600346103,2759.2,0.3545787545787546,0.7127420238242392,0.6531667765962581,0.9026705060204704,2,1,17,1,23,16
986,0.7923009424442169,51.64304989310881,2520.8,0.34690553745928343,0.7356108623651068,0.7298708193240133,0.9114211456435309,2,1,17,1,23,15
987,0.7613290249659255,50.913096155961824,2626.8,0.3629283489096573,0.6950727242526603,0.6957658338829812,0.8931485167621351,2,1,17,1,23,16
988,0.7882768853862412,52.33417721518732,2623.3,0.3622291021671827,0.7739927671488372,0.6968919418928265,0.89394594711706,2,1,17,1,23,15
989,0.7354794151596409,51.99492619925911,3043.9,0.3659347970725216,0.7551523888637185,0.5615659336239763,0.889719922991228,2,1,17,1,23,16
990,0.7683313496504249,52.91532924054693,2873.4,0.3724381625441696,0.8062671701273538,0.616423480960731,0.8823033978631902,2,1,17,1,23,15
991,0.7652987369438106,53.37276214833468,2982.3,0.3719676549865229,0.8316708052475118,0.5813854345972553,0.8828399709866647,2,1,17,1,23,16
992,0.7740768138385457,51.69820820700043,2660.1,0.3582317073170732,0.7386740912148246,0.6850517205321665,0.8985046297686459,2,1,17,1,23,15
993,0.7789191264919445,53.17764165390227,2802.9,0.37724982001439883,0.8208347465367429,0.639106513730474,0.8768161192086167,2,1,17,1,23,15
994,0.7309523698004232,49.55652296635407,2690.4,0.3588328075709779,0.6197351397984726,0.6753028426183619,0.8978191269844352,2,2,17,1,23,17
995,0.8176202338017671,52.703334092077434,2496.5,0.3387888707037643,0.7944939738678015,0.7376892263637972,0.9206775011737024,2,1,17,1,23,13
996,0.803957957170981,53.04547521070354,2557.4,0.3742088607594936,0.8134948546291247,0.7180949469924872,0.8802840698913311,2,1,17,1,23,16
997,0.7585557236214415,51.59217493315031,2767.6,0.3635693215339233,0.7327855104992151,0.6504641173726291,0.8924175429924804,2,1,17,1,23,15
998,0.7598775438667991,50.619705852334036,2629.8,0.35161290322580646,0.6787792305090685,0.6948005984459709,0.9060528026453578,2,2,17,1,23,17
999,0.790597904381265,52.60678070265035,2571.7,0.38395638629283485,0.7891318605767343,0.7134939914094046,0.8691678611576562,1,1,17,1,23,15
1000,0.6909226425059908,50.047331836742934,3142.2,0.3605706874189365,0.6469923161948873,0.5299383858046042,0.8958372255184811,2,1,17,1,23,15
1001,0.7249947311586316,51.8834046454739,3061.8,0.3830351225977468,0.7489590153390767,0.5558066955164813,0.8702184826203366,2,1,17,1,23,15
1002,0.7543757237515023,51.35327337376856,2767.7,0.3629032258064516,0.719518060910768,0.6504319428580622,0.8931771674856769,2,1,17,1,23,16
1003,0.7643651098849548,52.17659835094992,2861.9,0.3501420454545454,0.7652415909619388,0.6201235501359372,0.9077301885569884,2,1,17,1,23,14
1004,0.7168002034451162,51.065725956179854,3102.1,0.3534031413612565,0.7035490531026183,0.5428403661459758,0.9040111910867548,2,1,17,1,23,16
1005,0.8117916539222966,53.77768726714888,2521.6,0.3993584603047313,0.8541584089905191,0.7296134232074774,0.8516031295688933,2,1,17,1,23,16
1006,0.7363809622666837,52.505440301752486,3062.1,0.38328912466843496,0.7835038995719386,0.5557101719727803,0.8699288152553325,2,1,17,1,23,16
1007,0.7449548050136905,49.74982130092683,2598.4,0.35736677115987464,0.6304700044687229,0.7049033960200125,0.8994910145523363,2,1,17,1,23,15
1008,0.771319944843479,52.38392491981566,2729.0,0.37943786982248523,0.7767555166470221,0.6628834799954955,0.8743208378879195,2,1,17,1,23,15
1009,0.7421594210206524,52.42375475919169,3003.2,0.3807277628032345,0.7789674753609163,0.5746609610527501,0.8728498266482909,2,1,17,1,23,15
1010,0.8150027867524148,52.69989202704752,2590.1,0.3190993788819876,0.7943028180445296,0.7075738807290745,0.9431316614836402,2,1,17,1,23,16
1011,0.739685125487148,51.43692157817559,2856.1,0.3806818181818182,0.7241634819704147,0.621989671980824,0.8729022225102055,2,1,17,1,23,16
1012,0.7727776901463783,51.63756177923965,2634.2,0.3660030627871363,0.7353060787785818,0.6933849198050225,0.8896420718555306,2,1,17,1,23,15
1013,0.7248546669243989,51.40025309852207,2996.8,0.3782138024357239,0.7221270900500476,0.5767201299850387,0.8757167807381105,2,1,17,1,23,16
1014,0.7903256213937516,52.44643149228244,2703.0,0.3398203592814371,0.780226832620412,0.6712488537829185,0.9195011777779245,2,1,17,1,23,16
1015,0.7415336349516666,51.584536416363726,2956.1,0.3547945205479452,0.7323613038232152,0.5898151574138125,0.9024244436179721,2,1,17,1,23,16
1016,0.7110201432684391,50.54873539416967,3015.1,0.3679775280898876,0.6748378708193223,0.5708321938192757,0.8873903651667193,2,2,17,1,23,17
1017,0.7525437431244624,50.76874934807294,2748.5,0.3446745562130178,0.687056393166856,0.6566094496549283,0.9139653865516029,2,1,17,1,23,16
1018,0.7675952649596376,51.92603348137765,2728.3,0.3671354552183568,0.7513264169283791,0.6631087015974645,0.8883506763530695,2,1,17,1,23,15
1019,0.7522621359661021,51.49577804583565,2875.3,0.34504567814476456,0.7274320885866908,0.6158121651839576,0.9135421541276578,2,1,17,1,23,15
1020,0.7540118157960884,53.024648238695825,3005.9,0.3780487804878049,0.8123382242500369,0.5737922491594407,0.875904973978788,1,1,17,1,23,15
1021,0.7267137840060991,50.71730460146169,2889.2,0.3704225352112676,0.6841993980764033,0.6113399076591431,0.8846020462827507,2,1,17,1,23,15
1022,0.7825820299130226,51.86991869918452,2588.5,0.3644200626959248,0.7482100704053979,0.7080886729621466,0.8914473463715236,2,1,17,1,23,13
1023,0.7113921192044388,51.424392093830896,3207.9,0.35524652338811635,0.7234676543569714,0.5087997297340775,0.9019089735222674,2,1,17,1,23,15
1024,0.7741970651762936,51.78963690399013,2724.1,0.344311377245509,0.7437516036069055,0.6644600312092791,0.9143795607126963,2,1,17,1,23,13
1025,0.7664718343594532,51.12739632608184,2659.5,0.350609756097561,0.7069739303863537,0.6852447676195684,0.9071968050724375,2,1,17,1,23,15
1026,0.760657895152972,51.993816310537156,2793.7,0.37023460410557185,0.7550907509543409,0.6420665690706392,0.8848163654339362,2,1,17,1,23,14
1027,0.7998588052451954,52.732765723699735,2605.3,0.35625,0.7961284658730658,0.7026833545148886,0.9007645953476318,2,1,17,1,23,14
1028,0.7068176805788571,50.68255104031836,3071.5,0.3696369636963696,0.6822693515682037,0.5526857676034812,0.8854979225648866,2,1,17,1,23,15
1029,0.7550455914468899,51.61653078436613,2884.4,0.34103641456582634,0.7341381179456705,0.6128842843583596,0.9181143720366395,2,1,17,1,23,16
1030,0.6853343128645125,50.89509504810784,3187.7,0.4037184594953519,0.6940730288483817,0.5152989816766139,0.8466309280685419,2,2,17,1,23,17
1031,0.7689999636392475,50.54253952787746,2584.1,0.33675078864353314,0.6744937820494483,0.7095043516030952,0.9230017572651991,2,1,17,1,23,13
1032,0.7531873896110857,53.013381826804206,3050.4,0.36711409395973155,0.8117125416374932,0.5594745901771206,0.8883750370186436,2,1,17,1,23,14
1033,0.7397987006229845,51.99859913486824,3084.2,0.34338138925294887,0.7553563661343644,0.5485996042534708,0.9154401314811184,2,1,17,1,23,14
1034,0.7487334307045459,52.55422753430432,3031.3,0.3618598382749326,0.7862133090463529,0.5656199224594197,0.8943670606078654,2,1,17,1,23,13
1035,0.7698859834107297,53.65593821064629,2967.0,0.37800687285223367,0.8473970488982314,0.5863081353260082,0.8759527660079497,2,1,17,1,23,13
1036,0.7663649634219958,51.8424732189033,2663.6,0.38455657492354733,0.7466858797429171,0.6839256125223211,0.8684833980007495,2,1,17,1,23,14
1037,0.7658131700474918,52.739676840212624,2903.4,0.36204481792717086,0.7965122762180963,0.6067711265906275,0.8941561073337518,2,1,17,1,23,15
1038,0.6906105391798869,50.8341081879312,3245.5,0.3705616526791478,0.6906861104245539,0.49670211225688127,0.8844433948582259,2,1,17,2,23,14
1039,0.7248230692828976,51.08992219661709,2979.0,0.3682065217391305,0.7048927965300857,0.5824471935779668,0.8871292177406405,2,1,17,1,23,14
1040,0.766125771730912,53.005006641460284,2955.4,0.35947258848022207,0.8112474239143944,0.5900403790157815,0.8970895122625602,2,1,17,1,23,15
1041,0.7332671056444381,51.02704386596562,2940.8,0.35370879120879123,0.7014008348857875,0.5947378581425652,0.9036626239049617,2,1,17,1,23,16
1042,0.7681568471706424,51.9460936763709,2818.9,0.3410740203193033,0.7524404641807122,0.6339585913997522,0.9180714859314627,2,1,17,1,23,13
1043,0.75733120865245,51.19565930819974,2627.8,0.3869230769230769,0.7107649298103424,0.695444088737311,0.8657846074096965,1,1,17,1,23,13
1044,0.7509196312812754,52.446222715205316,2971.3,0.36777702243371857,0.780215238140438,0.5849246311996267,0.8876190245037616,2,1,17,1,23,14
1045,0.8311932940688429,52.06316164285804,2184.8,0.35984848484848486,0.7589418589301213,0.8379771882691719,0.8966608350072356,2,1,19,1,23,13
1046,0.6719728627063374,49.98938242652817,3189.4,0.39428191489361697,0.6437740832093247,0.5147520149289747,0.8573924899807128,2,2,17,1,23,17
1047,0.7060310737974291,50.71898862579437,3086.2,0.36933333333333335,0.6842929207306602,0.5479561139621306,0.8858441866994968,2,1,17,1,23,12
1048,0.7967320962601586,51.942377278621095,2592.3,0.32965299684542587,0.7522340732307169,0.7068660414086001,0.931096174141159,2,1,17,1,23,13
1049,0.7530807547375871,50.80070984156598,2681.8,0.36363636363636365,0.6888313260611335,0.6780698508711248,0.8923410872805029,2,1,17,1,23,13
1050,0.7487330112798474,52.307784109553424,3026.8,0.351129363449692,0.7725270203392038,0.5670677756149353,0.9066042378854029,2,1,19,1,23,12
1051,0.7541356110972997,51.120818851437086,2740.0,0.3600299401197605,0.7066086489143766,0.6593442833931242,0.896453900984398,2,1,17,1,23,13
1052,0.7433049451190352,50.90116936229419,2783.5,0.36555232558139533,0.6944103671958599,0.6453483695564742,0.8901560986047719,2,1,17,1,23,15
1053,0.7737796004809856,51.46872834848922,2627.9,0.3569230769230769,0.7259298778147929,0.6954119142227441,0.89999700940542,2,1,17,1,23,14
1054,0.7271638329198814,50.946125105457114,2874.0,0.3846699787083038,0.6969069940812966,0.6162304338733289,0.8683540708050187,2,1,17,1,23,14
1055,0.7337423915620807,51.80999165283181,3056.3,0.35800000000000004,0.7448820089706939,0.5575762938176669,0.8987688718978811,2,1,17,1,23,13
1056,0.7789789512423895,51.45352684282249,2644.0,0.33796296296296297,0.725085658921355,0.6902318173774553,0.9216193774283582,2,1,17,1,23,14
1057,0.75290182077363,51.19722508264879,2657.6,0.39024390243902446,0.7108518854318272,0.6858560833963417,0.8619974934927214,2,1,17,1,23,14
1058,0.8106648833684469,53.05314866616374,2635.6,0.33487654320987653,0.8139210016318938,0.6929344766010842,0.9251391718723626,2,1,17,1,23,13
1059,0.715458907460175,51.198342260622006,2969.9,0.40068728522336766,0.7109139281513444,0.5853750744035648,0.8500877198256159,2,1,17,1,23,12
1060,0.7676748338127468,51.800799395049765,2740.6,0.3573573573573574,0.744371514953648,0.6591512363057223,0.8995017501788706,2,1,17,1,23,12
1061,0.851259207040862,53.2368743018224,2245.4,0.3471223021582734,0.8241242444048366,0.818479432441563,0.9111739442761866,2,1,17,1,23,12
1062,0.687123401960401,50.28421355590447,3184.2,0.3702511268512556,0.6601475935213879,0.5164250896864594,0.8847975226733559,2,1,17,1,23,13
1063,0.7598546391694742,51.377724283193885,2726.0,0.36144578313253006,0.7208759474353754,0.6638487154325059,0.8948392546405411,2,1,17,1,23,13
1064,0.7799545754937038,51.57160515627511,2618.9,0.34822804314329736,0.7316431635072426,0.6983076205337752,0.9099129424400938,2,1,17,1,23,13
1065,0.6881334147435101,50.72402044292721,3257.3,0.36838790931989923,0.6845723637795925,0.49290551953797385,0.8869223609129641,2,1,17,1,23,12
1066,0.7461401888887037,51.10206258525464,2827.4,0.3554913294797688,0.7055670156295749,0.6312237576615561,0.9016297933749802,2,1,17,1,23,12
1067,0.7941034103032909,52.754076341254,2705.7,0.3441021788129226,0.7973119556118166,0.6703801418896093,0.914618133408447,2,1,17,1,23,12
1068,0.8091995194375254,53.21039279963602,2607.8,0.3542319749216301,0.8226535884736097,0.7018789916507133,0.9030659781882532,2,1,17,1,23,12
1069,0.7512264826641559,51.755241831103746,2932.8,0.34418282548476453,0.7418414658213173,0.5973118193079261,0.9145261628632245,2,1,17,1,23,15
1070,0.730117863912283,51.54244070017692,2938.8,0.38765603328710124,0.7300235091522914,0.5953813484339053,0.8649487341506523,2,1,17,1,23,14
1071,0.7684353359251457,53.15038815670409,2988.2,0.35122282608695654,0.8193212176961548,0.5794871382378018,0.9064976518414803,2,1,17,1,23,14
1072,0.7549982124904828,51.557189577407954,2776.7,0.3686567164179104,0.7308425912280022,0.6475362365470311,0.8866158096964153,2,1,17,1,23,13
1073,0.7512873659087356,51.641379310342096,2865.2,0.3575498575498576,0.7355180861911125,0.619061791155226,0.8992822203798683,2,1,17,1,23,13
1074,0.7321322930098251,50.83199853086446,2819.2,0.3815028901734104,0.6905689501646782,0.6338620678560513,0.8719658610087461,2,1,17,1,23,12
1075,0.7646325334038228,52.0107816711564,2744.0,0.37462686567164183,0.7560329259127135,0.6580573028104438,0.879807371488311,2,1,17,1,23,12
1076,0.7427497892968975,51.26180222387897,2842.9,0.36781609195402304,0.7144381908877425,0.6262367079036694,0.8875744690992805,2,1,17,1,23,14
1077,0.8011135195613102,52.04067672944253,2576.8,0.3272870662460568,0.7576931544176314,0.7118530911664869,0.9337943130998122,2,1,17,1,23,12
1078,0.7543477874930028,52.00163602445776,2944.7,0.34461325966850825,0.7555250204522301,0.5934830520744518,0.9140352899523265,2,1,17,1,23,13
1079,0.7440217774612095,51.56761720144605,2857.1,0.37535612535612534,0.7314216915763244,0.6216679268351538,0.8789757139721504,2,1,17,1,23,13
1080,0.7987642719117056,52.48088420952093,2485.3,0.380718954248366,0.782140171697518,0.7412927719953024,0.8728598720422963,2,1,17,1,23,14
1081,0.6894784432907921,50.64572675562262,3223.3,0.37062937062937057,0.6802243069812378,0.5038448544907578,0.8843661684003808,2,1,17,1,23,12
1082,0.7343189511360888,51.37434094903066,2897.7,0.3800140745953554,0.7206880532434429,0.6086050739209472,0.8736637262438764,2,1,17,1,23,13
1083,0.7604686489926298,54.057843996491165,3156.1,0.36900129701686124,0.8697169733340592,0.5254661282797896,0.8862228453640408,2,1,17,1,23,14
1084,0.7034337204586374,51.19359809672853,3225.6,0.3599493029150823,0.7106504599870556,0.5031048406557166,0.8965458607331401,2,1,17,1,23,12
1085,0.7656366261255159,50.95389337709977,2713.7,0.32906626506024095,0.6973384067211932,0.6678061807242484,0.931765290931106,2,1,17,1,23,14
1086,0.7930180275185685,52.90204428361551,2699.7,0.3558558558558559,0.8055293871809869,0.6723106127636299,0.901214082611089,2,1,17,1,23,15
1087,0.7480224955475074,52.329665183794816,3030.5,0.35302013422818795,0.7737421905130194,0.5658773185759559,0.904447977553547,2,1,17,1,23,13
1088,0.811876975774661,52.84769587646462,2574.8,0.3388364779874214,0.8025111366766667,0.7124965814578271,0.9206232091894891,2,1,17,1,23,14
1089,0.7587639606634733,52.41909776136773,2887.9,0.3693502824858757,0.7787088479830844,0.6117581763485143,0.8858248576588214,2,1,17,1,23,12
1090,0.8214765339302492,51.181186531264714,2169.4,0.34680451127819545,0.7099611810240759,0.8429320635124917,0.91153635725418,2,1,17,1,23,12
1091,0.7345782336736422,53.0816968460396,3185.9,0.3811659192825112,0.8155064309540173,0.5158781229388201,0.8723501471280893,2,1,17,1,23,13
1092,0.7859137109347658,52.04838337562775,2667.9,0.3419452887537994,0.7581211446744678,0.6825421083959395,0.9170778797338903,2,1,17,1,23,14
1093,0.6794810061707206,49.70190385273233,3151.7,0.37116764514024786,0.6278088986560492,0.526881806920738,0.8837523129353747,2,1,17,1,23,12
1094,0.7945040052821528,52.00701681972719,2549.3,0.3507936507936508,0.7558238440771897,0.7207010826724151,0.9069870890968539,2,1,17,1,23,14
1095,0.7381953989853878,51.65255617062572,2886.5,0.38652482269503546,0.7361387955358061,0.6122086195524524,0.8662387818679048,2,1,17,1,23,14
1096,0.7758722671881673,52.95901604818389,2846.9,0.36220472440944884,0.8086933264048747,0.624949727320989,0.893973747838638,2,1,17,1,23,14
1097,0.7324143839971097,52.1251122418408,3167.0,0.34560723514211883,0.7623822987962526,0.5219591061919853,0.9129017470030913,2,1,17,1,23,12
1098,0.7153768036948269,50.884108570782196,3082.2,0.35391766268260294,0.6934628924622911,0.549243094544811,0.9034244240773789,2,1,17,1,23,14
1099,0.7711866358086573,52.29819370413227,2741.6,0.3720588235294118,0.771994415107211,0.6588294911600521,0.8827360011587089,2,1,17,1,23,16
1100,0.7593434266207665,52.0814335918662,2868.2,0.3569405099150142,0.7599565955562689,0.6180965557182156,0.8999771285878151,2,1,17,1,23,13
1101,0.7380395376522666,51.97116532200025,3063.5,0.3525132275132275,0.7538328234241918,0.5552597287688421,0.9050260607637658,2,1,17,1,23,15
1102,0.735637484437921,51.88321307401635,3058.0,0.35610079575596815,0.7489483763768942,0.5570293270700277,0.9009347498668413,2,1,17,1,23,15
1103,0.7473932026653394,51.59241358091805,2920.8,0.3497229916897507,0.7327987638544299,0.6011727610559674,0.9082080830856211,2,1,17,1,23,14
1104,0.7517502565164466,51.581518462117494,2853.8,0.3566333808844508,0.7321937010837197,0.6227296858158652,0.9003273826497548,2,1,17,1,23,14
1105,0.7054456310234452,51.12317722047399,3174.2,0.3657289002557545,0.7067396214471179,0.5196425411431604,0.8899547304800571,2,1,17,1,23,14
1106,0.776265989602057,52.02400067607274,2776.4,0.3355263157894737,0.7567670461997087,0.647632760090732,0.9243981625157301,2,1,17,1,23,13
1107,0.7614344549066367,51.66493236212023,2695.4,0.37990936555891236,0.7368261099977766,0.6736941168900114,0.8737831378321224,2,1,17,1,23,16
1108,0.8063963951664239,52.22152841154475,2480.6,0.34933774834437087,0.7677367915604218,0.7428049741799521,0.908647419758898,2,1,17,1,23,15
1109,0.7622384100597903,52.01498374016936,2840.2,0.353988603988604,0.7562662887209803,0.6271054197969788,0.903343521661412,2,1,17,1,23,15
1110,0.7084456219468699,50.026239005853924,2839.7,0.39879154078549844,0.6458209212855287,0.6272662923698139,0.852249652185267,2,2,17,1,23,15
1111,0.7728875060730034,51.67482902673145,2676.4,0.35562310030395133,0.7373757233998947,0.6798072746577435,0.9014795201613721,2,1,17,1,23,15
1112,0.7937721087093301,53.49681025051985,2770.1,0.3629737609329446,0.8385598433372733,0.6496597545084538,0.8930967282822636,2,1,17,1,23,16
1113,0.7626917148856014,50.84960155162713,2680.7,0.341044776119403,0.6915465377165448,0.6784237705313622,0.9181048364088971,2,1,17,1,23,15
1114,0.6731450575886231,49.62040244711157,3069.4,0.4070855614973262,0.6232827005296775,0.5533614324093884,0.8427910398268036,1,1,17,1,23,12
1115,0.7810125231056357,51.890723181907816,2616.3,0.36171875,0.7493654518372287,0.6991441579125174,0.8945279595671614,2,1,17,1,23,14
1116,0.7405817083699945,52.562226913444,3035.0,0.3826496301277741,0.7866575562909053,0.5644294654204404,0.8706581033986378,2,1,17,1,23,14
1117,0.7526908470343152,52.04522344934234,2908.1,0.36142061281337046,0.7579456574871785,0.605258924405978,0.8948679592097895,2,1,17,1,23,16
1118,0.7176972116765044,51.20165071527639,3118.7,0.35297927461139894,0.7110976638936152,0.5374993967278519,0.9044945744080464,1,1,17,1,23,14
1119,0.7396732000173412,51.53046783388997,2895.0,0.3742937853107345,0.7293585934426479,0.6094737858142565,0.8801872207951192,2,1,17,1,23,14
1120,0.7778029938800717,54.22053621776498,2984.1,0.3798502382573179,0.8787521209060081,0.5808062933350493,0.873850567399158,2,1,17,1,23,15
1121,0.7603514919653397,52.210994715858924,2867.5,0.3607954545454545,0.767151800500282,0.6183217773201847,0.8955808980755525,2,1,17,1,23,14
1122,0.8122241775414907,53.39664236051968,2651.6,0.3429878048780488,0.8329969979778807,0.6877865542703624,0.915888980376229,2,1,17,1,23,15
1123,0.77804914805499,52.05910091166048,2598.4,0.38276397515527943,0.758716345347894,0.7049033960200125,0.8705277027970637,2,1,17,1,23,16
1124,0.8003819552940618,52.327733973257715,2578.3,0.34276729559748426,0.7736349403196261,0.7113704734479818,0.9161404521145776,2,1,17,1,23,13
1125,0.7991968544413177,51.6007754214862,2473.1,0.3401639344262295,0.73326314047253,0.7452180627724779,0.9191093600789452,2,1,17,1,23,15
1126,0.7637350661040608,51.275332304893766,2749.0,0.33976261127596435,0.7151895868529088,0.6564485770820933,0.9195670343771806,2,1,17,1,23,16
1127,0.7405148248103304,51.350921805464544,2916.6,0.35724233983286907,0.7193874660581934,0.602524090667782,0.8996329177050156,2,1,17,1,23,15
1128,0.8371338205358786,53.961550198349656,2494.3,0.3493485342019544,0.8643692765009837,0.7383970656842713,0.9086351194223807,2,1,17,1,23,15
1129,0.73764659654624,51.73496497866238,2910.7,0.3851540616246498,0.740715386450909,0.6044223870272357,0.8678020161605756,2,1,17,1,23,14
1130,0.7727576936123012,51.40719743390015,2730.7,0.32761194029850743,0.7225127452119159,0.6623365132478564,0.9334238223771315,2,1,17,1,23,16
1131,0.7098304070462802,50.72192539295933,2994.3,0.3854094975911906,0.6844560147280998,0.577524492849214,0.867510713561527,2,1,17,1,23,13
1132,0.7707543982261271,51.962454629146855,2777.3,0.34677419354838707,0.7533490732192455,0.6473431894596289,0.9115709319995069,2,1,17,1,23,14
1133,0.7001444836240945,51.601027865353984,3194.1,0.3973299427844882,0.7332771599971345,0.5132398127443252,0.853916478130824,2,1,17,1,23,16
1134,0.7811864293093108,53.215536281848195,2807.9,0.37172011661807586,0.8229392328667887,0.6374977880021234,0.8831222670590205,2,1,17,1,23,15
1135,0.6953426166511104,50.74211766041087,3154.9,0.37919463087248323,0.6855773966528685,0.5258522224545936,0.8745982308458691,2,2,17,1,23,17
1136,0.768066811068743,52.79414996703078,2950.9,0.3453678474114441,0.7995374530560179,0.591488232171297,0.9131747479789143,2,1,17,1,23,15
1137,0.7240316588072363,52.049000884994015,3162.1,0.3653350515463918,0.7581554381902091,0.5235356574057688,0.890403880825731,2,1,17,1,23,14
1138,0.747831558463519,52.56181199930549,3064.4,0.35526315789473684,0.7866345139448007,0.554970158137739,0.9018900033080174,2,1,17,1,23,16
1139,0.7542962171279662,51.543289931003216,2787.9,0.3666666666666667,0.7300706713692565,0.6439326909155257,0.8888852890991166,2,1,17,1,23,15
1140,0.824024318885905,53.04121122246162,2499.1,0.33766233766233766,0.8132580531231327,0.736852688985055,0.9219622145495275,2,1,17,1,23,16
1141,0.7777820551464172,51.94316363978279,2779.2,0.32681159420289857,0.7522777439673085,0.6467318736828558,0.9343365477890874,2,1,17,1,23,15
1142,0.7650457124668808,52.153625667971326,2676.5,0.39953987730061347,0.7639657980616389,0.6797751001431765,0.8513962391958273,1,1,17,1,23,13
1143,0.7949362944909109,51.00437537533637,2337.0,0.36072664359861595,0.7001419353731682,0.7890075770981805,0.895659371001384,2,1,17,1,23,16
1144,0.694019985230764,50.950584337900914,3113.8,0.4044213263979194,0.6971546385161191,0.5390759479416353,0.8458293692345377,2,1,17,1,23,15
1145,0.7468731182803691,52.702071328450586,3048.8,0.3690159574468085,0.7944238460176332,0.5599893824101928,0.8862061264132813,2,1,17,1,23,15
1146,0.7563182832022348,51.54004954582722,2823.6,0.3511175198269647,0.7298907158801383,0.6324463892151027,0.9066177445114638,2,1,17,1,23,16
1147,0.7055846363613448,52.13840415974434,3243.1,0.3953634085213033,0.7631204683217062,0.49747430060648956,0.8561591401558388,1,1,17,1,23,15
1148,0.8325524797448364,52.92930299782965,2407.6,0.3355932203389831,0.8070432057496807,0.7662923698138704,0.9243218636709583,2,1,17,1,23,14
1149,0.755027711734577,51.655588817288894,2864.3,0.34865629420084865,0.7363072142218429,0.6193513617863289,0.9094245591955592,2,1,17,1,23,15
1150,0.7442226513785875,51.58200518175114,2984.0,0.33972602739726027,0.7322207311634725,0.5808384678496162,0.9196087551226736,2,1,17,1,23,13
1151,0.6969356142675599,50.861903482163974,3117.8,0.391304347826087,0.6922297280802265,0.5377889673589549,0.8607881473634984,2,2,17,1,23,17
1152,0.7475269255986299,51.88251835650396,2994.1,0.3428184281842819,0.7489097950901173,0.5775888418783481,0.9160821398274244,2,1,17,1,23,15
1153,0.7429053859999057,51.49256072186336,2918.0,0.35745614035087714,0.7272534138064907,0.6020736474638438,0.8993890967293827,2,2,17,1,23,17
1154,0.710698760257128,52.36363636363333,3219.2,0.3996212121212121,0.7756287873068368,0.5051640095880053,0.8513034838765416,1,1,17,1,23,14
1155,0.7032440429149673,49.873738633979116,2924.5,0.3811239193083573,0.6373517802665061,0.599982304016988,0.8723980444614081,2,2,17,1,23,17
1156,0.8107661123373592,52.948592239807,2540.5,0.35634920634920636,0.8081144379601196,0.7235324399543122,0.9006514590976458,2,1,17,1,23,16
1157,0.7568919591627125,52.4306092768484,2871.0,0.3796033994334278,0.7793481424762708,0.6171956693103392,0.8741320657015273,2,1,17,1,23,15
1158,0.7069608300950794,50.58317025440033,3030.3,0.3760445682451254,0.6767502182036501,0.5659416676050899,0.878190604476498,2,2,17,1,23,16
1159,0.7242697311855391,51.73435452987733,2896.7,0.42426367461430575,0.7406814850460668,0.6089268190666173,0.823200889443933,2,1,17,1,23,16
1160,0.8101548587331135,52.05320994794443,2449.6,0.33999999999999997,0.7583891894082998,0.7527790736957256,0.9192963130953153,2,1,17,1,23,15
1161,0.8037308837441302,52.527776538304536,2631.3,0.32874617737003053,0.7847443472827733,0.6943179807274656,0.9321303232221515,2,1,17,1,23,16
1162,0.717410844543023,52.226366873687454,3162.8,0.3911917098445596,0.7680054965983044,0.5233104358037997,0.860916601226965,2,1,17,1,23,15
1163,0.7594829393711264,51.20591300237167,2677.2,0.3678247734138973,0.7113343709260621,0.6795498785412075,0.8875645686461096,2,1,17,1,23,15
1164,0.7112875228360486,51.21067464197106,3033.9,0.3942048517520215,0.711598809607445,0.5647833850806775,0.8574803738200234,2,1,17,1,23,15
1165,0.7469435897859327,51.479717351476026,2764.7,0.38945827232796487,0.7265401544640204,0.6513971782950725,0.8628934365987052,2,1,17,1,23,16
1166,0.7213938268100286,50.33133990625245,2807.3,0.38872832369942195,0.6627647655446572,0.6376908350895255,0.8637258797959033,2,1,17,1,23,16
1167,0.7415216980492028,50.067717521194886,2588.7,0.3846153846153846,0.6481244395744591,0.7080243239330126,0.8684163306401368,2,2,17,1,23,17
1168,0.7585350372413804,52.16770663234698,2714.2,0.40671641791044777,0.764747787452977,0.6676453081514133,0.8432120161197512,2,1,17,1,23,16
1169,0.7581369348703548,50.388608515894134,2571.5,0.3613861386138614,0.6659451901236669,0.7135583404385386,0.894907274048859,2,2,17,1,23,17
1170,0.7441825346617921,51.272305812821685,2789.0,0.3797653958944281,0.7150215099634147,0.6435787712552886,0.8739473227666732,2,1,17,1,23,14
1171,0.707245999360738,50.00542593597135,2856.1,0.3963068181818181,0.6446650629639571,0.621989671980824,0.8550832631374329,2,1,17,1,23,15
1172,0.7505324090251139,51.16117850952946,2770.4,0.3628972653362897,0.7088500312248697,0.6495632309647528,0.8931839648857192,2,1,17,1,23,13
1173,0.7585948380190722,51.079765322678675,2774.7,0.33651026392961875,0.7043287323469015,0.6481797268383713,0.923276054871944,2,1,17,1,23,15
1174,0.7832179473899598,51.422317055640875,2628.3,0.3297213622291022,0.7233524166638753,0.695283216164476,0.931018209341528,2,1,17,1,23,15
1175,0.8025657816342917,52.17391304347587,2473.2,0.35918367346938773,0.7650924618326289,0.7451858882579109,0.8974189948123357,2,1,17,1,23,16
1176,0.7024970685665967,50.78535957329125,3111.1,0.3748370273794002,0.687978845604199,0.5399446598349447,0.8795677002606465,2,1,17,1,23,16
1177,0.7786057299029414,51.851296175235625,2700.9,0.34226190476190477,0.7471758645243607,0.6719245185888257,0.9167168065956377,2,1,17,1,23,16
1178,0.7265223931709294,51.58834951456028,3011.9,0.3787262872628726,0.7325730650533616,0.5718617782854201,0.8751323361740065,2,1,17,1,23,14
1179,0.7412849676854358,50.71001921778166,2763.3,0.3672566371681416,0.6837948027235831,0.6518476214990105,0.888212478833714,2,1,17,1,23,14
1180,0.7475608152572266,50.31907702530604,2605.5,0.3762295081967213,0.6620837438083963,0.7026190054857547,0.877979696477529,2,2,17,1,23,17
1181,0.71695745280661,51.24413426877436,3149.0,0.34844559585492224,0.7134569971932014,0.5277505188140473,0.9096648424125815,2,1,17,1,23,14
1182,0.7605784264131543,52.026529108324446,2869.8,0.3505665722379604,0.7569074632297363,0.6175817634851433,0.9072460525245836,2,1,17,1,23,14
1183,0.7424105450265751,49.791305320872645,2614.1,0.36165048543689327,0.6327738284570701,0.6998519972329917,0.8946058093896636,2,2,17,1,23,16
1184,0.7210210609047613,51.038997474980796,3090.3,0.34432717678100266,0.7020646811386931,0.546636958864883,0.9143615427107078,2,1,17,1,23,15
1185,0.7606236228979485,52.64179236129197,3032.7,0.3344504021447721,0.7910762405851267,0.5651694792554818,0.9256251488532373,2,1,17,1,23,15
1186,0.7190463567558474,51.98591795276881,3211.1,0.36155315085932527,0.7546521139534177,0.5077701452679332,0.8947168110461916,2,1,17,1,23,15
1187,0.7786612072276866,50.61309916509083,2492.5,0.3406148867313916,0.6784123267091406,0.7389762069464777,0.9185950880274417,2,1,17,1,23,16
1188,0.6584914335866217,49.7804445656592,3236.4,0.40631163708086787,0.6321706740755761,0.49962999308247924,0.8436736336018095,2,2,17,1,23,15
1189,0.7811885052030565,51.73671936890949,2609.8,0.35559006211180116,0.7408128168913891,0.7012355013593732,0.9015171973584074,2,1,17,1,23,15
1190,0.8019916543386232,53.8361252013075,2768.8,0.35824175824175825,0.8574037722585907,0.6500780231978249,0.8984931675594541,2,1,17,1,23,15
1191,0.6879707471934824,49.83571618861285,2999.0,0.39843193157519596,0.6352401955684743,0.5760122906645645,0.8526597553474082,2,2,15,1,23,16
1192,0.6835589089772478,49.96398886574382,3042.8,0.4039270687237027,0.6423638463383334,0.5619198532842135,0.8463930273091967,2,2,17,1,23,16
1193,0.8027968696216571,52.82685922589084,2536.1,0.372626582278481,0.8013539687963268,0.7249481185952606,0.882088521473384,2,1,17,1,23,16
1194,0.7351700364058495,51.04857501344056,2898.6,0.3616573033707865,0.702596571801212,0.6083155032898441,0.8945980341264924,2,1,17,1,23,14
1195,0.7220388359572165,50.45677726528524,2876.3,0.37367303609341823,0.6697309563128644,0.6154904200382876,0.8808951315204977,2,1,17,1,23,15
1196,0.7307656629260183,51.93608861566284,3063.1,0.37005277044854884,0.7518848309779945,0.5553884268271102,0.8850237309729503,2,1,17,1,23,15
1197,0.7261155486133859,52.39162439165892,3160.7,0.3769329896907217,0.7771831084752315,0.5239861006097071,0.8771774367552193,2,1,17,1,23,15
1198,0.7836524417625839,51.1507069778111,2570.3,0.33171521035598706,0.708268492454061,0.7139444346133427,0.9287443982203478,2,1,17,2,23,14
1199,0.7678453607815592,51.12521768439729,2582.3,0.3686708860759494,0.7068529390508602,0.7100834928653013,0.8865996504285163,2,1,17,1,23,14
1200,0.7545844522352112,50.51322734190083,2636.5,0.3584615384615385,0.6728659234838594,0.6926449059699811,0.8982425272517931,2,1,17,1,23,16
1201,0.7338427158363782,51.823850727507185,3034.1,0.3646742780389523,0.7456516756697054,0.5647190360515435,0.8911574357878858,2,1,17,1,23,14
1202,0.7339423980143411,52.22470697100263,3069.0,0.3740863787375415,0.7679133135449598,0.5534901304676565,0.880423750030407,2,1,17,1,23,14
1203,0.7068085287842978,51.28353460119747,3178.8,0.3686548223350254,0.7156451031458981,0.5181625134730778,0.8866179697339177,2,1,17,1,23,15
1204,0.7699943366389249,50.929906084380086,2632.9,0.3392307692307692,0.6960062672502526,0.6938031884943935,0.9201735541721286,2,1,17,1,23,14
1205,0.79421659120308,52.63600704905662,2603.0,0.36702954898911355,0.7907549520232834,0.7034233683499299,0.8884714532360268,2,1,17,1,23,16
1206,0.7743179723102767,52.757537817365474,2894.2,0.34313725490196073,0.7975041894336864,0.6097311819307926,0.9157185455663509,2,1,17,1,23,15
1207,0.7871764084457693,51.82076621090856,2634.4,0.3369905956112853,0.7454803763756241,0.6933205707758884,0.9227282781857953,2,1,17,1,23,13
1208,0.7418632080758747,51.12682413118429,2877.5,0.3538135593220339,0.7069421534193985,0.6151043258634835,0.903543144944742,2,1,17,1,23,14
1209,0.7405564238907985,51.952050181829335,3029.1,0.3546666666666667,0.7527712599950954,0.5663277617798941,0.902570249897406,2,1,17,1,23,16
1210,0.7605632778776884,51.822214490734105,2703.9,0.3874622356495468,0.7455608069078697,0.6709592831518154,0.8651697435733803,2,1,17,1,23,16
1211,0.7612008080911623,50.56699993289701,2567.8,0.36305732484076436,0.6758521959139278,0.714748797477518,0.8930014308820415,2,1,17,1,23,15
1212,0.7690264105189211,51.553930530161985,2664.6,0.36322188449848025,0.7306615993368059,0.6836038673766509,0.8928137648433064,2,1,17,1,23,15
1213,0.7236308595593821,50.560604272392,2905.7,0.36624649859943975,0.6754970115293859,0.6060311127555863,0.8893644543931744,2,1,17,1,23,13
1214,0.722072736219243,50.978744854235586,3096.6,0.3368490441661174,0.6987185388599335,0.5446099644471614,0.922889705350634,2,1,17,1,23,13
1215,0.7546473775255023,53.10008945432565,3003.5,0.3807277628032345,0.816527868419167,0.5745644375090491,0.8728498266482909,2,1,17,1,23,16
1216,0.7748547058694171,51.19048979824875,2512.9,0.3729903536977492,0.7104778399610789,0.7324126059748073,0.8816736716723653,2,1,17,1,23,16
1217,0.7120937592774836,50.954417042067924,3031.4,0.380310182063385,0.6973674885680603,0.5655877479448528,0.8733260413195377,2,1,17,1,23,15
1218,0.7744894387066035,52.77329734355704,2708.1,0.39595808383233533,0.7983793981172359,0.6696079535400009,0.8554809644625736,2,1,17,1,23,15
1219,0.7157530579347713,51.09151613731423,3026.7,0.378686327077748,0.7049813163702283,0.5670999501295024,0.8751779073045833,2,1,17,1,23,15
1220,0.767392757059125,51.37754132623719,2736.1,0.33875739644970415,0.7208657868813546,0.6605990894612377,0.9207133948347831,2,1,17,1,23,15
1221,0.7742691419690151,51.52523948637571,2557.8,0.3781645569620253,0.7290682360366273,0.7179662489342191,0.8757729409361987,2,1,17,1,23,14
1222,0.7439585237993962,52.738678090572314,3106.2,0.3622715404699739,0.7964568104415707,0.5415212110487283,0.8938975499078896,2,1,17,1,23,15
1223,0.7884202788488899,52.63620589936133,2541.9,0.39952531645569617,0.7907659952178115,0.723081996750374,0.8514128445784842,2,1,17,1,23,16
1224,0.7338822871008006,52.11467499290083,3123.2,0.3535947712418301,0.7618026639269302,0.5360515435723363,0.9037926538031354,2,1,17,1,23,13
1225,0.759359983003827,51.494057724954935,2769.7,0.35608308605341243,0.727336550195816,0.6497884525667219,0.9009549462489432,2,1,17,1,23,15
1226,0.7385965798707547,51.41314131412867,2900.9,0.36974789915966383,0.7228428398814348,0.6075754894548028,0.8853714102760265,2,1,17,1,23,13
1227,0.7312556811800608,51.69347644671806,3059.2,0.35804943219772883,0.7384113118877521,0.5566432328952237,0.8987124987572069,2,1,17,1,23,14
1228,0.7671954039905267,52.422166618808504,2878.4,0.35000000000000003,0.7788792776424593,0.6148147552323804,0.9078921790967407,2,1,17,1,23,16
1229,0.7733595815135147,52.86445754033154,2795.7,0.37865497076023386,0.8034419992919983,0.6414230787792989,0.8752136664692468,2,1,17,1,23,15
1230,0.734716455193023,52.09490156486328,3144.9,0.34431524547803616,0.7607045423392857,0.5290696739112948,0.9143751493284886,2,1,17,1,23,13
1231,0.787838399415373,52.83829995114533,2737.3,0.3557692307692308,0.8019893319390455,0.6602129952864335,0.9013128710206401,2,1,17,1,23,15
1232,0.7425338255434556,51.524961662972245,2895.9,0.36624649859943975,0.7290528070540392,0.6091842151831534,0.8893644543931744,2,1,17,1,23,14
1233,0.7616073716124815,51.514376081146175,2848.1,0.32904148783977105,0.7284649344859185,0.6245636331461849,0.9317935472053411,2,1,17,1,23,13
1234,0.6803287102430287,49.25162491959138,3038.5,0.37894736842105264,0.6028025610597293,0.563303357410595,0.8748802122587619,2,2,17,1,23,16
1235,0.743495641032905,51.316323180033116,3003.6,0.3231707317073171,0.7174660239381462,0.574532262994482,0.9384886361660869,2,1,17,1,23,14
1236,0.7422437495324367,50.47726111394736,2770.7,0.3513119533527697,0.6708685312630042,0.6494667074210518,0.9063960099132542,2,1,17,1,23,13
1237,0.7841695241576683,50.859430186011416,2385.1,0.3684210526315789,0.6920923730453482,0.773531635591448,0.8868845638362088,2,1,17,2,23,14
1238,0.7455204700365383,51.58798719446855,2869.9,0.36879432624113473,0.7325529435289803,0.6175495889705763,0.8864588776100583,2,1,17,1,23,12
1239,0.7327583901301504,51.066617695229525,2889.0,0.3715885234429671,0.7035985760229297,0.6114042566882771,0.8832723376792444,2,1,17,1,23,14
1240,0.7069160426231755,50.4725077028034,2899.0,0.4078171091445428,0.670604549550667,0.608186805231576,0.8419567730872836,2,2,17,1,23,17
1241,0.7806052467375014,53.187718936737305,2890.2,0.34867503486750345,0.8213943906108475,0.6110181625134731,0.9094031870881838,2,1,17,1,23,16
1242,0.7202905063921028,51.42350856467534,2942.7,0.4066161268090972,0.7234185873748987,0.5941265423657921,0.8433263894356178,2,1,17,1,23,16
1243,0.7532510417357088,51.8256482820115,2858.5,0.36324786324786323,0.7457515032465123,0.6212174836312157,0.8927841383293985,2,1,17,1,23,16
1244,0.7880911542894087,51.87937013883183,2596.5,0.34813084112149534,0.7487349581431904,0.7055147117967857,0.91002379292825,2,1,17,1,23,16
1245,0.8063622883071462,53.24241516735903,2620.0,0.3598130841121495,0.8244319575665835,0.697953700873538,0.8967012064813172,2,1,17,1,23,15
1246,0.7028317440931631,52.21193790539748,3215.6,0.41394472361809054,0.7672041807345822,0.5063222921124177,0.8349687594324893,2,1,17,1,23,16
1247,0.7701613799905718,51.03969754253059,2652.4,0.3386363636363637,0.7021035595409498,0.6875291581538263,0.9208514222769391,2,1,17,1,23,16
1248,0.7256371625796021,51.412808183748446,3020.0,0.3702213279678069,0.7228243394139725,0.5692556426054921,0.8848315057193417,2,1,17,1,23,16
1249,0.7380669888299014,51.25974558883604,2846.7,0.37896253602305474,0.7143239752173862,0.6250140763501231,0.8748629149221951,2,1,17,1,23,15
1250,0.7519160893292347,52.675420721461116,2985.6,0.37228260869565216,0.792943798814721,0.5803236756165441,0.882480793556439,2,1,17,1,23,14
1251,0.7452551531683743,51.208568231021594,2831.8,0.361764705882353,0.7114818296213917,0.6298080790206076,0.8944755508631237,2,1,17,2,23,15
1252,0.6801159523139969,50.78317915453214,3224.2,0.40169823644676683,0.6878577555784869,0.5035552838596548,0.8489348175038491,2,2,17,1,23,17
1253,0.7982584956687395,52.73893102243404,2618.9,0.3569230769230769,0.7964708570670235,0.6983076205337752,0.89999700940542,2,1,17,1,23,15
1254,0.8108376231686321,52.62930887710726,2539.7,0.3408385093167701,0.7903829676004824,0.7237898360708482,0.9183400658345654,2,1,17,1,22,15
1255,0.8013022451906698,51.94572482817732,2482.2,0.3488562091503268,0.7524199801167873,0.7422901819468799,0.9091965735083425,2,1,17,1,23,15
1256,0.7574052742791957,51.559792937616095,2772.5,0.36363636363636365,0.7309871693982388,0.6488875661588455,0.8923410872805029,2,1,17,1,23,15
1257,0.7334483827994405,52.26785951211819,3134.5,0.35900783289817234,0.7703097992160693,0.532415823426264,0.8976195257559884,2,1,17,1,23,13
1258,0.7906283015926773,51.168207639101176,2424.5,0.3553511705685619,0.7092403954505566,0.7608548768520454,0.90178963247543,2,1,17,1,23,16
1259,0.746846622439556,50.486889784397796,2675.2,0.3666158536585366,0.6714032615516451,0.6801933688325478,0.8889432369344752,2,1,17,1,23,14
1260,0.7503420820050452,51.820521163001146,2958.4,0.3424657534246575,0.745466767587273,0.5890751435787711,0.9164843348490914,2,1,17,1,23,16
1261,0.7865159790273917,52.19791935537917,2616.2,0.3622291021671827,0.7664256575380308,0.6991763324270845,0.89394594711706,2,1,17,1,23,15
1262,0.738356757205304,51.602577089830724,2876.2,0.38657243816254416,0.7333631965123398,0.6155225945528546,0.8661844805507175,2,1,17,1,23,14
1263,0.7449723233441972,51.95794849288554,2938.0,0.36903939184519696,0.7530988239708087,0.5956387445504415,0.8861794015113416,2,1,17,1,23,15
1264,0.7510296175427533,52.24685912330857,2981.8,0.3548168249660787,0.7691435380975127,0.5815463071700905,0.9023990073606567,2,1,17,1,23,16
1265,0.7013934710763796,50.64534098741141,3034.2,0.3926174496644295,0.6802028832604874,0.5646868615369766,0.8592906684316751,2,1,17,1,23,13
1266,0.7915943216977263,52.63478525738387,2741.4,0.33482142857142855,0.7906870995594159,0.6588938401891861,0.9252020253445771,2,1,17,1,23,14
1267,0.7513016267524553,51.79907872780226,2941.2,0.34375,0.7442759573272189,0.5946091600842972,0.9150197628458498,2,1,17,1,23,15
1268,0.7306117566593143,51.22999761165243,2896.0,0.3832167832167832,0.7126719148931957,0.6091520406685863,0.8700113144161612,2,1,17,1,23,15
1269,0.7131050160666876,51.375943800644286,3158.2,0.3624031007751938,0.720777067953253,0.5247904634738824,0.8937475167729275,2,1,17,1,23,13
1270,0.7535893019843678,51.360666010202415,2703.2,0.3835294117647059,0.7199286125683868,0.6711845047537845,0.8696547886309322,2,2,17,1,23,17
1271,0.8075958825625269,51.846428957188365,2423.0,0.3441666666666666,0.7469055625211208,0.7613374945705507,0.9145445905959093,2,1,17,1,23,15
1272,0.7720430181395983,52.20588999116748,2830.4,0.34025787965616044,0.7668683085143699,0.6302585222245458,0.9190022236798794,2,1,17,1,23,15
1273,0.7343299234192431,52.13897604652648,3077.2,0.3665785997357992,0.7631522281774057,0.5508518202731616,0.8889857218071622,2,1,17,1,23,13
1274,0.7420088727493571,51.55295085750713,2907.2,0.365802382620883,0.7306071930047788,0.6055484950370811,0.8898709302062114,2,1,17,1,23,14
1275,0.8270366118795851,54.12959711534804,2555.7,0.3667711598746081,0.8737017982540433,0.7186419137401264,0.8887661236445861,2,1,17,1,23,16
1276,0.7337641970169775,51.1529627928315,2836.6,0.3879310344827587,0.7083937696273935,0.6282637023213912,0.8646351191021479,2,1,17,1,23,15
1277,0.7837313722530846,50.8394102823172,2383.8,0.36896551724137927,0.6909805633789906,0.773949904280819,0.8862636490994444,2,1,17,1,23,14
1278,0.7795543313065743,53.66155813534979,3013.2,0.33981233243967834,0.8477091526278493,0.571443509596049,0.9195103316958246,2,1,17,1,23,15
1279,0.6896338917012259,49.790248811739424,2937.4,0.40922190201729103,0.6327151549946572,0.5958317916378436,0.8403547284711772,2,2,17,1,23,17
1280,0.6960528726125417,50.29411764705602,3094.6,0.37252221462747775,0.6606976193580237,0.5452534547385016,0.8822075437410997,2,2,17,1,23,17
1281,0.7769542836160934,52.364193133363976,2771.7,0.3516081871345029,0.7756597076338234,0.6491449622753817,0.9060581809390753,2,1,17,1,23,16
1282,0.7317957438123142,51.00371298336434,2900.2,0.36789772727272724,0.7001051492922422,0.6078007110567719,0.8874813710879285,2,1,17,1,23,12
1283,0.7383799573740033,50.814606741570394,2865.7,0.35110163468372424,0.6896030933979452,0.6189009185823909,0.906635860141674,2,1,17,1,23,15
1284,0.7806167147897851,51.574514829730255,2542.4,0.3682108626198083,0.7318047528496682,0.7229211241775388,0.8871242673421483,2,1,17,1,23,16
1285,0.7226296616727744,50.39394987889605,2900.3,0.3622881355932203,0.6662418238691517,0.6077685365422048,0.893878624606967,2,1,17,1,23,14
1286,0.7900212633740158,51.79856115107675,2510.9,0.36326860841423947,0.744247213592219,0.7330560962661475,0.8927604802636808,2,1,17,1,23,16
1287,0.705965833058982,50.333736171792346,3061.5,0.3577127659574468,0.6628978426678596,0.5559032190601824,0.8990964374489041,2,1,17,1,23,16
1288,0.739326422728366,50.967845144774174,2863.7,0.3566384180790961,0.6981132211458831,0.6195444088737311,0.9003216381654837,2,1,17,1,23,15
1289,0.7483898862738259,51.95429945880664,2889.3,0.3736111111111111,0.7528961740767952,0.6113077331445761,0.8809657516001066,2,1,17,1,23,16
1290,0.7716294133368482,52.758488476118764,2816.8,0.372093023255814,0.7975569844724368,0.6346342562056594,0.8826969993324484,2,1,17,1,23,14
1291,0.7569501833013299,50.77431295831824,2558.2,0.38704318936877075,0.6873653694609009,0.7178375508759511,0.8656476295671377,2,2,17,1,23,17
1292,0.7990387565517191,53.32684803395669,2705.9,0.35895522388059703,0.8291209550100977,0.6703157928604752,0.8976795217845844,2,1,17,1,23,16
1293,0.8417603610522181,52.19632692514032,2137.6,0.35185185185185186,0.7663372215815148,0.8531635591448014,0.9057803024303381,2,1,17,1,22,14
1294,0.7912990617345681,51.18224936196755,2474.5,0.3401639344262295,0.7100202055562197,0.7447676195685398,0.9191093600789452,2,1,17,1,23,15
1295,0.7159340038946866,51.605808599001584,2982.4,0.4157534246575343,0.7335426590706,0.5813532600826884,0.8329060925307715,2,1,17,1,23,15
1296,0.8003871156858308,52.82550196646404,2565.2,0.3706896551724138,0.801278593101542,0.7155853348562604,0.8842974190996901,2,1,17,1,23,15
1297,0.7706850707652586,51.30177305382619,2575.6,0.3716887417218543,0.716657979543394,0.7122391853412912,0.8831580474110908,2,2,17,1,23,17
1298,0.7667347023490665,52.26752459320396,2855.5,0.3501420454545454,0.7702911994219855,0.622182719068226,0.9077301885569884,2,1,17,1,23,15
1299,0.7793160058456153,53.79932850467458,3040.9,0.3393333333333333,0.855360259780639,0.5625311690609867,0.9200565886952203,2,1,17,1,23,15
1300,0.6821996503662573,50.83016973337383,3270.2,0.38552713661883964,0.6904673875018926,0.48875500715882947,0.8673765564380498,2,1,17,1,23,15
1301,0.716148030285948,51.15995725684557,3009.6,0.38580463808854526,0.7087822086938652,0.5726017921204614,0.8670600900435174,2,2,17,1,23,17
1302,0.7480955939665536,50.5235968358152,2659.2,0.36963190184049083,0.6734417955632324,0.6853412911632696,0.885503695173159,2,1,17,1,23,13
1303,0.7416555150888189,51.62749181790857,2945.3,0.359612724757953,0.7347468413057775,0.5932900049870496,0.8969296989736297,2,1,17,1,23,15
1304,0.8165098896813654,52.93679594321177,2517.1,0.34726688102893893,0.80745932808636,0.7310612763629929,0.9110090645947434,2,1,17,1,23,16
1305,0.7427281877166975,51.29421221864683,2872.6,0.3610719322990127,0.7162380869321933,0.616680877077267,0.8952655991406322,2,1,17,1,23,16
1306,0.7998615137139609,54.327286878686095,2840.7,0.3674785100286533,0.8846805418672172,0.6269445472241437,0.8879594520505217,2,1,17,1,23,14
1307,0.6480910860224431,50.6439837454339,3477.9,0.40758873929008566,0.6801275085347529,0.42192854040314653,0.84221720912943,2,2,17,1,23,17
1308,0.7683978120113597,51.24365482233243,2732.5,0.33060921248142644,0.7134303710317184,0.6617573719856501,0.9300056930167107,2,1,17,1,23,15
1309,0.7683045082492599,52.016766013014134,2783.1,0.35422740524781343,0.756365267627531,0.6454770676147423,0.9030711895055067,2,1,17,1,23,15
1310,0.7491955719897117,52.08241999122916,2889.3,0.3777307963354475,0.7600113754574801,0.6113077331445761,0.8762676073670786,2,1,17,1,23,14
1311,0.7647659723445809,51.12444425259815,2667.9,0.3525835866261398,0.7068099863492047,0.6825421083959395,0.9049458222885985,2,1,17,1,23,16
1312,0.706200167698815,51.274142482601796,3175.6,0.3707006369426752,0.7151235098154931,0.5191920979392223,0.8842848953417298,2,1,17,1,23,16
1313,0.7982960230093207,52.04851190110994,2396.6,0.38592027141645463,0.758128282364821,0.7698315664162416,0.8669282202468994,2,1,17,1,23,14
1314,0.7196330091049536,50.59639389736198,3069.7,0.33223684210526316,0.6774845960654913,0.5532649088656875,0.9281495223836823,2,1,17,1,23,15
1315,0.7379082868844759,51.270249810746705,2874.4,0.3720765414599575,0.7149073294450701,0.6161017358150608,0.8827157953932967,2,1,17,1,23,16
1316,0.7105772147392682,50.277975491985025,2983.0,0.3650137741046832,0.6598011612971908,0.5811602129952864,0.8907702699253273,2,1,17,1,23,13
1317,0.8558223102460525,51.90067082499531,1980.1,0.34489795918367344,0.7499178963400135,0.9038384195878445,0.9137106148102992,2,1,17,1,23,16
1318,0.6831839005219511,50.11952405253405,3171.4,0.3762057877813505,0.6510015264577486,0.5205434275510368,0.8780067475570681,2,1,17,1,23,13
1319,0.7366478865763673,51.47240882430268,2858.8,0.389638041163946,0.7261342738323114,0.6211209600875146,0.8626884258092757,2,1,17,1,23,14
1320,0.7188144401861782,50.50511106447771,2863.3,0.38817663817663817,0.6724151842679424,0.6196731069319991,0.8643550293585932,2,1,17,1,23,15
1321,0.804203407084898,52.51752708731429,2517.1,0.3592233009708738,0.7841751418130634,0.7310612763629929,0.897373803078638,2,1,17,1,23,13
1322,0.8037273106683807,52.94177720789055,2629.1,0.34953703703703703,0.8077359636938608,0.69502582004794,0.9084201482633415,2,1,17,1,23,16
1323,0.7877347995724492,52.227622034423426,2475.5,0.40016501650165015,0.7680752022202895,0.7444458744228696,0.850683322074189,2,1,17,1,23,16
1324,0.7744532937901727,52.72742891503896,2783.9,0.37243401759530786,0.7958320850538982,0.6452196714982061,0.882308124818414,2,1,17,1,23,14
1325,0.7509436090907098,52.38705829729845,2974.0,0.3640710382513661,0.7769295294408359,0.5840559193063174,0.8918453785249761,2,1,17,1,23,16
1326,0.7765700918102898,51.50813592424507,2618.0,0.35429447852760737,0.7281183860275339,0.6985971911648783,0.9029946982384572,2,1,17,1,23,16
1327,0.7190892402836844,51.8229382941587,3159.9,0.3679487179487179,0.7456010034870493,0.524243496726243,0.8874232206377609,2,1,17,1,23,16
1328,0.7364121586792982,51.143827418771394,2964.2,0.3445205479452055,0.7078864346601051,0.5872090217338846,0.9141410196439049,2,1,17,1,23,16
1329,0.7207023061984934,51.74958077137773,3140.8,0.36552171095268954,0.7415270776493585,0.5303888290085422,0.8901910119375794,2,1,17,1,23,15
1330,0.7868648111799522,50.863354852565145,2397.2,0.35810810810810806,0.6923103302482556,0.7696385193288396,0.8986455839627615,2,1,17,1,23,14
1331,0.7690331572270627,50.524525092144,2446.6,0.37457912457912457,0.6734933464785108,0.7537443091327359,0.8798618160699415,2,1,17,1,23,14
1332,0.7357968998938862,51.46233208900106,2968.2,0.3605209047292666,0.7255746601655928,0.5859220411512042,0.8958939983648616,2,1,17,1,23,16
1333,0.7220385611594933,50.49387593836158,2911.7,0.3654929577464789,0.6717912391176833,0.6041006418815656,0.8902238024792309,2,1,17,1,23,13
1334,0.7996922021417163,52.63829737852675,2548.0,0.3682539682539682,0.7908821459640198,0.7211193513617863,0.8870751090993428,2,1,17,1,23,14
1335,0.745589234528375,50.588334885293335,2693.4,0.3697289156626506,0.6770370370933769,0.6743376071813516,0.8853930593103965,2,1,17,1,23,14
1336,0.7717437691594075,52.47647114744476,2801.7,0.36231884057971014,0.7818950913440127,0.6394926079052782,0.8938436082289316,2,1,17,1,23,14
1337,0.788943955018065,52.14401943482894,2611.9,0.3544303797468354,0.7634323138337364,0.7005598365534659,0.9028397146669928,2,1,17,1,23,12
1338,0.8138224585840468,52.57557378427151,2477.7,0.34786184210526316,0.7873987776388353,0.7437380351023954,0.9103305630109096,2,1,17,1,23,13
1339,0.8136351737258227,52.64862804877806,2483.9,0.3501628664495114,0.7914558619628973,0.7417432151992406,0.9077064440153308,2,1,17,1,23,14
1340,0.7311308003628861,52.05030480667191,3153.7,0.3490932642487046,0.7582278517616129,0.5262383166293978,0.9089262326976479,2,1,17,1,23,13
1341,0.7240485410290305,51.918740081479655,3179.9,0.3539253539253539,0.7509213763931667,0.5178085938128407,0.903415652881084,2,1,17,1,23,15
1342,0.7512947726745263,49.50867656282444,2417.2,0.38006756756756754,0.6170779794665741,0.7632036164154373,0.8736027221415675,2,1,17,1,23,12
1343,0.7949545146600798,52.38780871151494,2697.7,0.32628398791540786,0.7769712038560783,0.6729541030549702,0.9349382370691909,2,1,17,1,23,14
1344,0.8235212053857084,52.583326858827704,2298.7,0.37322695035460995,0.7878293463052598,0.8013304161773459,0.8814038536745199,2,1,17,1,23,14
1345,0.7309214369573611,51.182656337444605,2931.2,0.3701657458563536,0.7100428070270496,0.5978266115409984,0.8848948923040353,2,1,17,1,23,14
1346,0.8093034004720115,52.3919308357325,2451.9,0.3580858085808581,0.7772001269129027,0.7520390598606843,0.8986710146424479,2,1,17,1,23,13
1347,0.7386900748917892,51.07609185051505,2892.6,0.35543018335684057,0.7041247252785859,0.6102459741638647,0.901699525232917,2,1,17,1,23,14
1348,0.7123836557978263,50.597617108326006,3013.4,0.36725067385444743,0.6775525273500056,0.5713791605669148,0.8882192794765584,2,1,17,1,23,15
1349,0.7724600037439937,50.8437270726315,2537.3,0.3555194805194805,0.6912202972594519,0.7245620244204565,0.901597689552073,2,1,17,1,23,12
1350,0.7594541798591109,51.478964993698284,2661.8,0.38554216867469876,0.726498372112685,0.6845047537845271,0.8673594136801207,2,1,17,1,23,14
1351,0.7610685636244601,50.850925732387715,2632.3,0.3590342679127726,0.691620076380472,0.6939962355817956,0.8975893789111128,2,1,17,1,23,14
1352,0.7761802554493562,51.833417002229695,2766.1,0.32937685459940647,0.7461829407981482,0.6509467350911343,0.9314110904587861,2,1,17,1,23,13
1353,0.7459870977821315,50.86801575557752,2741.5,0.36873156342182895,0.6925691745015677,0.6588616656746191,0.8865304531702075,2,1,17,1,23,14
1354,0.773541075146295,52.05084523653255,2710.7,0.36253776435045315,0.7582578646503974,0.6687714161612587,0.893593944627229,2,1,17,1,23,13
1355,0.8023596899468525,52.97789061673292,2536.6,0.3809904153354633,0.8097415296371013,0.7247872460224256,0.8725502941810307,1,1,17,1,23,13
1356,0.7691637391529663,52.42700371316294,2878.0,0.34517045454545453,0.7791479067199258,0.6149434532906484,0.913399857448325,2,1,17,1,23,13
1357,0.8014744121753523,50.56552882351982,2271.7,0.34057971014492755,0.6757704975376111,0.8100175351104391,0.9186352038780067,2,1,17,1,23,13
1358,0.7782865731269073,52.34890615194596,2700.1,0.3675595238095238,0.7748107418261162,0.6721819147053618,0.887867062849244,2,1,17,1,23,16
1359,0.7891839353486292,52.93434799432206,2779.4,0.34502923976608185,0.8073233807171868,0.6466675246537217,0.9135609006749795,2,1,17,1,23,14
1360,0.7403519797947977,51.37607405131387,2930.9,0.3548611111111111,0.7207843014522601,0.5979231350846993,0.9023485028474338,2,1,17,1,23,15
1361,0.7181558144740877,51.05786090005569,2965.3,0.38804945054945056,0.7031122655156818,0.5868551020736473,0.8645000758329341,2,1,17,1,23,15
1362,0.7437571438590755,50.15711379299079,2667.5,0.36085626911314983,0.6530890807953732,0.6826708064542075,0.8955115443276462,2,1,17,1,23,13
1363,0.7783841333768389,52.20507715280975,2663.2,0.3707093821510298,0.76682316736099,0.6840543105805891,0.8842749221889378,2,1,17,1,23,13
1364,0.7464474169565544,51.345074909058354,2826.7,0.36671469740634,0.7190627574061496,0.6314489792635254,0.8888305141999882,2,1,17,1,23,12
1365,0.7586591398832021,52.672365346502495,3009.3,0.3477088948787062,0.7927741179078981,0.5726983156641623,0.9105049860775463,2,1,17,1,23,13
1366,0.7703511756819662,54.366754228030395,3032.8,0.39283387622149835,0.8868723696190755,0.5651373047409146,0.8590438526859088,2,1,17,1,22,14
1367,0.7191381617621724,50.67064672682614,2903.2,0.38412921348314605,0.68160824295279,0.6068354756197616,0.8689707667139656,2,1,17,1,23,13
1368,0.7712151136205456,50.91386518328893,2516.5,0.3680781758957655,0.6951154323510121,0.7312543234503949,0.8872755850602299,2,1,17,1,23,12
1369,0.8007588869327935,52.322908685656095,2568.7,0.3442492012779553,0.7733669669327218,0.7144592268464149,0.9144504670192437,2,1,17,1,23,14
1370,0.7418159078686586,52.357036203918064,3040.0,0.368,0.7752622460145797,0.5628207396920898,0.8873647378993067,2,1,17,1,23,13
1371,0.7062961906328193,50.826719576716734,3120.0,0.36434612882238127,0.6902757823083614,0.5370811280384806,0.891531661551616,2,1,17,1,23,13
1372,0.7266038445556856,50.039814936142314,2816.5,0.3582306018854242,0.6465748634999856,0.6347307797493604,0.898505890417711,2,1,17,1,23,14
1373,0.8164842040479388,52.566465168141214,2521.8,0.32797427652733113,0.7868929286789458,0.7295490741783432,0.9330106092865271,2,1,17,1,23,12
1374,0.7944442156346456,53.31726008524285,2788.1,0.34738372093023256,0.8285884862118751,0.6438683418863917,0.9108758188056701,2,1,17,1,23,14
1375,0.7328974926954599,52.00093066542291,3045.8,0.3724832214765101,0.7554858481862107,0.5609546178472031,0.8822520120529659,2,1,17,1,23,13
1376,0.7284689409873273,51.535894669984046,2904.3,0.4014084507042254,0.7296599739547266,0.6064815559595244,0.8492652930477311,1,1,17,1,23,14
1377,0.7363102435857174,52.389204300660566,3088.4,0.3703947368421052,0.7770487082000586,0.5472482746416563,0.8846337479154376,2,1,17,1,23,14
1378,0.7371190329977875,51.18856121536816,2896.9,0.3638268156424581,0.7103707356951564,0.6088624700374832,0.8921238932607229,2,1,17,1,23,13
1379,0.7641872777703761,51.41440467865735,2760.9,0.3419881305637982,0.7229130011028158,0.6526198098486188,0.9170290223596937,2,1,17,1,23,14
1380,0.7621210509625258,51.17548416795195,2669.4,0.36160370084811105,0.7096444990485254,0.6820594906774343,0.8946591631616178,2,1,17,1,23,12
1381,0.7575608021409784,51.280106201400734,2816.2,0.3372781065088758,0.7154547062242957,0.6348273032930616,0.9224003969055781,2,1,17,1,23,13
1382,0.7831162929400104,51.93748265975893,2552.0,0.3766025641025641,0.7519622495173158,0.7198323707791058,0.8775542585236099,2,1,17,1,23,14
1383,0.7572469970076547,52.64759287431615,3051.7,0.33825503355704695,0.7913983733260541,0.5590563214877495,0.9212862962091606,2,1,17,1,23,13
1384,0.6617220042031366,49.8475258181044,3306.7,0.3812461443553362,0.6358960458875048,0.4770113093418703,0.8722586573800352,2,1,17,1,23,14
1385,0.8086285635395352,54.218125441637376,2838.8,0.33963585434173665,0.8786182379341899,0.6275558630009168,0.9197115896834988,2,1,17,1,22,13
1386,0.7205732332860956,50.89956466463491,2996.7,0.3651226158038147,0.6943212499655064,0.5767523044996059,0.8906461453931744,2,1,17,1,23,12
1387,0.7788826656687802,51.44587117652961,2512.3,0.375,0.7246604998438267,0.7326056530622093,0.8793818441003046,2,1,17,1,23,15
1388,0.716222399039693,51.07854805117238,3091.8,0.35845347313237225,0.7042611309114526,0.5461543411463778,0.8982517250612485,2,1,17,1,23,14
1389,0.723108399330886,51.561732970129306,3045.2,0.37701612903225806,0.7310949095219768,0.5611476649346053,0.8770826235360759,2,1,17,1,23,14
1390,0.6924209757544156,50.76136640250703,3192.4,0.3772378516624041,0.6866463796936771,0.5137867794919643,0.8768297680776057,2,1,17,1,23,13
1391,0.7819935572185354,51.543916087082124,2556.3,0.3591772151898734,0.7301054450820481,0.7184488666527242,0.897426359920834,2,1,17,1,23,14
1392,0.7659702537925436,52.09941489075909,2736.3,0.37759643916913943,0.760955190865624,0.6605347404321036,0.8764208300799032,2,1,17,1,23,13
1393,0.7934374521146061,52.68899969880265,2658.7,0.3559451219512196,0.7936979102479308,0.6855021637361046,0.9011122823597834,2,1,17,1,23,12
1394,0.7721953368869436,50.79754601226748,2608.6,0.3338509316770186,0.6886556221191712,0.7016215955341774,0.9263087930074823,2,1,17,1,23,14
1395,0.7267465689386604,52.45816865511463,3197.3,0.36818757921419515,0.7808786584878968,0.5122102282781807,0.8871508200499039,2,1,17,1,23,16
1396,0.8085951170201084,52.36424666953911,2544.3,0.33253205128205127,0.7756626807768474,0.7223098084007656,0.9278128618827122,2,1,17,1,23,13
1397,0.7511006388632345,51.53005408610564,2851.7,0.35642857142857143,0.729335615870274,0.6234053506217725,0.9005609500976572,2,1,17,1,23,13
1398,0.7787946422481958,52.663788405915824,2854.1,0.33810888252149,0.7922977956639108,0.6226331622721641,0.9214529688085128,2,1,17,1,23,12
1399,0.7552228081469423,52.98363811356784,2992.3,0.3767029972752043,0.810060718112532,0.5781679831405543,0.8774397231877409,2,1,17,1,23,13
1400,0.7559510284119875,52.402791625121765,2979.9,0.35000000000000003,0.7778032831923581,0.5821576229468637,0.9078921790967407,2,1,17,1,23,14
1401,0.714460943710088,51.383406517214574,3152.7,0.36075129533678757,0.7211915115263523,0.526560061775068,0.8956312578288435,2,1,17,1,23,12
1402,0.7027874902064752,51.620500371380565,3215.3,0.3853442830069488,0.7343585698160447,0.5064188156561187,0.8675850851472625,2,1,17,1,23,15
1403,0.7234324992528172,50.83886109812464,2925.8,0.37464788732394366,0.6909500643164961,0.5995640353276168,0.8797833981143389,2,1,17,1,23,12
1404,0.7824950274154934,52.452556258423144,2778.2,0.3395017793594306,0.7805669728280484,0.647053618828526,0.9198644905899062,2,1,17,1,22,13
1405,0.7292771429781426,53.294316508839216,3330.6,0.3646408839779005,0.8273143097514885,0.46932160036035453,0.8911955188225849,2,1,17,1,23,12
1406,0.7034603250281735,51.158159229442006,3130.2,0.3850687622789784,0.7086823548544964,0.5337993275526456,0.8678992926773784,2,1,17,1,23,14
1407,0.7354917082605184,52.77209907015447,3078.6,0.3939588688946015,0.7983128517455715,0.5504013770692234,0.8577608959667604,2,1,17,1,22,15
1408,0.7887155667578386,53.074087922650975,2787.7,0.3507246376811594,0.8150838677537512,0.6439970399446598,0.9070657925751049,2,1,17,1,23,13
1409,0.7406089475381812,52.713534633835025,3121.3,0.36559843034663175,0.7950604631527352,0.5366628593491094,0.8901035201126989,2,1,17,1,23,14
1410,0.7867840569356286,51.50131674275551,2529.4,0.3520900321543408,0.7277396813138381,0.7271038110712503,0.9055086784217976,2,1,17,1,23,13
1411,0.8063568073195323,52.96665520797268,2611.1,0.34890965732087226,0.8091175687901404,0.7008172326700021,0.9091356204984544,2,1,17,1,23,13
1412,0.7310567328113796,50.76598568047186,2905.6,0.35674157303370785,0.686902912291003,0.6060632872701532,0.9002039988729827,2,1,17,1,23,12
1413,0.7852241059802845,51.522545490352336,2643.9,0.3249235474006116,0.7289186243868578,0.6902639918920223,0.9364897016619735,2,1,17,1,23,16
1414,0.7731201347195125,52.682745211596924,2888.8,0.3441696113074205,0.7933505659529908,0.6114686057174111,0.9145412324881358,2,1,17,1,23,13
1415,0.7803065209789786,52.03070545089835,2608.0,0.3727344365642238,0.7571393973146656,0.7018146426215794,0.8819655230006909,2,1,17,1,23,12
1416,0.7759859320789073,52.46125166444468,2792.3,0.3530701754385964,0.7810498740754928,0.6425170122745771,0.9043909098866522,2,1,17,1,23,13
1417,0.8273350926202014,52.69210663878485,2471.4,0.3197674418604651,0.7938704548294516,0.745765029520117,0.9423697935110359,2,1,17,1,23,13
1418,0.776815074808751,51.576380421526785,2698.2,0.3343465045592705,0.7319083588921618,0.6727932304821351,0.9257436350519562,2,1,17,1,23,12
1419,0.7244508211901499,51.35046809819209,3016.5,0.37129380053908356,0.7193622693270343,0.5703817506153376,0.8836084436280781,2,1,17,1,23,14
1420,0.7183974490457962,51.42219211281836,3056.5,0.37942551770207084,0.7233454779372991,0.5575119447885329,0.8743349244115566,2,1,17,1,23,13
1421,0.7186620949701387,51.131456210050736,3036.3,0.37027027027027026,0.7071993969175544,0.5640111967310691,0.8847756912617926,2,1,17,1,23,12
1422,0.8484466846323426,53.07031498568033,2262.0,0.34172661870503596,0.814874336885941,0.8131384630234391,0.9173272539876478,2,1,17,1,23,15
1423,0.7289387293300811,51.27446783670967,2994.4,0.3620218579234973,0.7151415784259944,0.577492318334647,0.894182291229602,2,1,17,1,23,13
1424,0.7117369749175482,51.81660661734076,3186.0,0.3796178343949045,0.7452493724503587,0.5158459484242531,0.8741156038780329,2,1,17,1,23,14
1425,0.7744413451766832,51.482151669679986,2638.8,0.352760736196319,0.7266753448501228,0.6919048921349398,0.9047437985449871,2,1,17,1,23,13
1426,0.7564313791267077,52.0685676611148,2873.3,0.3625356125356125,0.7592420833191181,0.6164556554752979,0.8935963985857073,2,1,17,1,23,14
1427,0.7629281567335797,51.889802615021054,2906.0,0.32751396648044695,0.7493143279567713,0.6059345892118853,0.9335355530320828,2,1,17,1,23,14
1428,0.7822061725411193,52.48641159543585,2780.1,0.34137426900584794,0.7824471362655678,0.6464423030517527,0.9177290783060376,2,1,17,1,23,14
1429,0.7954314081097358,53.30479695126342,2742.9,0.35693215339233036,0.8278963433802666,0.6584112224706808,0.8999866584782599,2,1,17,1,23,15
1430,0.7566522808377136,51.32833354518616,2735.5,0.3647845468053492,0.7181330221554003,0.6607921365486398,0.8910316838091009,2,1,17,1,23,12
1431,0.7155846500712117,52.89897086533966,3303.6,0.38902589395807646,0.8053587042346532,0.4780087192934476,0.8633865266855346,2,1,17,1,23,13
1432,0.7806638247188108,51.637119206405224,2626.7,0.34735202492211836,0.7352815004008386,0.6957980083975484,0.9109119653580455,2,1,17,1,23,12
1433,0.7187496292528687,50.918686094562766,2966.8,0.3792866941015089,0.6953831626976099,0.5863724843551422,0.8744932407058539,2,1,17,1,23,13
1434,0.7644765647091771,52.2934384851621,2910.1,0.34193998604326586,0.7717303329968556,0.6046154341146378,0.9170839270160384,2,1,17,1,23,15
1435,0.7309229583546215,51.73116089612746,3119.2,0.3438320209973753,0.7405041259074744,0.5373385241550168,0.9149262250013733,2,1,17,1,23,13
1436,0.7869348437868614,51.913596418107154,2451.0,0.39388934764657313,0.75063572193921,0.7523286304917874,0.8578401789295869,2,1,17,1,23,15
1437,0.735512388534863,51.77195685669976,3064.4,0.3492063492063492,0.7427697383702224,0.554970158137739,0.9087972690966277,2,1,17,1,23,15
1438,0.8203983465387326,52.56366723259525,2446.2,0.33887043189368765,0.7867375447253883,0.753873007191004,0.9205844876998054,2,1,17,1,23,14
1439,0.8218821295734763,52.69513667800835,2448.1,0.3408333333333333,0.7940387287107644,0.7532616914142307,0.918345968595434,2,1,17,1,23,13
1440,0.7624101350959682,53.28831128037707,3069.7,0.3507957559681697,0.8269808080945935,0.5532649088656875,0.9069846883276236,2,1,17,1,23,14
1441,0.8240783504737437,52.54230956027713,2399.6,0.341296928327645,0.7855514417901855,0.7688663309792313,0.9178172786518142,2,1,17,1,23,16
1442,0.7487322078207144,51.443882107767394,2958.0,0.3284722222222222,0.7245500364814321,0.5892038416370392,0.9324427453436719,2,1,17,1,23,13
1443,0.7316865792004106,51.12846628285182,2948.5,0.3606331727460426,0.7070333506661719,0.5922604205209053,0.8957659664141548,2,1,17,1,23,14
1444,0.7182716821464794,50.60593106601844,2898.0,0.3847241867043847,0.6780142447822833,0.6085085503772462,0.8682922512799086,2,1,17,1,23,14
1445,0.7422068832777872,52.49761016662928,3175.9,0.3354755784061697,0.7830690513303167,0.5190955743955212,0.9244560241075237,2,1,17,1,23,13
1446,0.798958935960618,54.05611031858959,2880.1,0.34553131597466574,0.869620693158152,0.6142677884847412,0.9129883262389609,2,1,17,1,23,15
1447,0.7442261160981576,50.48229204038486,2819.4,0.3326023391812865,0.6711479248469788,0.6337977188269172,0.9277327046205767,2,1,17,1,23,12
1448,0.7416786296169329,51.54801575279945,2888.7,0.3716502115655853,0.7303331209012218,0.6115007802319783,0.8832019877175986,2,1,17,1,23,15
1449,0.7450890776026509,50.91246186846931,2689.4,0.38795731707317077,0.6950374989600615,0.675624587764032,0.864605146083859,2,1,17,1,23,15
1450,0.7904000632285381,52.59941648096419,2587.3,0.3797169811320754,0.7887228869382528,0.7084747671369507,0.874002535610411,2,1,17,1,23,13
1451,0.7821665051166311,52.53951731464421,2774.7,0.34558823529411764,0.7853963738271749,0.6481797268383713,0.9129234146843472,2,1,17,1,23,14
1452,0.7024500776553412,51.36823104692845,3249.4,0.364326375711575,0.7203487385133875,0.49544730618876776,0.8915541882638683,2,1,17,1,23,14
1453,0.7099448217663269,51.02998840227249,3151.2,0.35584415584415585,0.7015643603441974,0.5270426794935731,0.9012274254612103,2,1,17,1,23,12
1454,0.7441965951734562,52.16796763716874,3100.3,0.3355176933158585,0.7647622824120057,0.5434195074081819,0.9244079957001807,2,1,17,1,23,14
1455,0.792331002846134,52.18468313493182,2562.1,0.3615506329113924,0.7656905811828102,0.7165827448078377,0.8947196825477544,2,1,17,1,23,13
1456,0.764784458032177,51.40210959608696,2714.7,0.3528528528528529,0.7222301910424269,0.6674844355785782,0.9046387474755258,2,1,17,1,23,14
1457,0.7156407438935678,50.943580505483034,2778.8,0.44171779141104295,0.6967656791733228,0.6468605717411238,0.803295980766257,2,2,17,1,23,17
1458,0.7022749953525225,51.0938629899214,3122.5,0.38722826086956524,0.7051116493355623,0.5362767651743053,0.8654365715476999,2,2,17,1,23,17
1459,0.7299389134603536,51.75392140814136,3042.9,0.36905559276624245,0.7417681358475229,0.5618876787696465,0.8861609257638913,2,1,17,1,23,14
1460,0.7558761124447069,50.84916764755083,2721.4,0.3474702380952381,0.6915224407601521,0.6653287431025884,0.9107771534713801,2,1,17,1,23,15
1461,0.7201867998273792,51.58577861778062,3041.4,0.38694481830417227,0.7324302897466223,0.5623702964881516,0.865759813247364,2,1,17,1,23,16
1462,0.7575891153142664,53.14901657479904,3043.6,0.36405835543766574,0.8192450465994541,0.5616624571676775,0.8918598421756679,2,1,17,1,23,15
1463,0.7640800521377773,52.30540052443885,2885.8,0.3504213483146067,0.7723946474261546,0.6124338411544215,0.907411667832756,2,1,17,1,23,14
1464,0.7965823459310521,51.88777591442439,2576.8,0.3317610062893082,0.74920177470234,0.7118530911664869,0.9286921719243295,2,1,17,1,23,15
1465,0.6943327709516485,51.01176139659695,3273.0,0.3616625310173697,0.7005521196557134,0.4878541207509531,0.8945920724482792,2,1,17,1,23,14
1466,0.7893448945434793,51.94667310128256,2443.4,0.391304347826087,0.7524726426680594,0.7547738935988803,0.8607881473634984,2,1,17,1,23,13
1467,0.7355864607007262,49.657076494946786,2700.5,0.34868943606036534,0.6253194016802148,0.6720532166470938,0.90938676377487,2,1,17,3,23,13
1468,0.7457277084807664,52.365232053792624,2923.2,0.3910614525139665,0.775717404303737,0.6004005727063593,0.861065148432203,2,1,17,1,23,14
1469,0.746800487145378,51.33216557573253,2835.1,0.3627873563218391,0.7183458347976741,0.6287463200398964,0.8933093065985636,2,1,17,1,23,14
1470,0.7598806598038157,51.814319433514264,2780.2,0.3673469387755102,0.7451223532036193,0.6464101285371857,0.8881094976706423,2,1,17,1,23,16
1471,0.7370750426294669,52.062448644204174,3027.5,0.3696524064171123,0.7589022623962131,0.5668425540129662,0.8854803114792215,2,1,17,1,23,14
1472,0.7561888666730086,51.2528043947723,2761.7,0.3549337260677467,0.7139384945090868,0.6523624137320828,0.9022656917778564,2,1,17,1,23,14
1473,0.7627383264252074,51.74823713763117,2792.3,0.35319767441860467,0.7414524586596628,0.6425170122745771,0.9042455083413826,2,1,17,1,23,14
1474,0.7691963137586391,50.91383812010195,2651.2,0.3353846153846154,0.6951139293910907,0.6879152523286305,0.9245597595561958,2,1,17,1,23,15
1475,0.7435283683226159,53.169484410178995,3140.6,0.3746770025839793,0.8203817322485177,0.5304531780376763,0.8797501946816539,2,1,17,1,23,15
1476,0.698018063753735,51.63302653048051,3228.7,0.39472030169704586,0.7350542127613039,0.5021074307041392,0.8568925477957618,2,1,17,1,23,14
1477,0.726731905047878,50.72060781702559,2909.4,0.3648366921473245,0.6843828428646549,0.6048406557166068,0.8909722165623721,2,1,17,1,23,14
1478,0.7485290590809734,51.799083077230335,2917.1,0.35784313725490197,0.7442761988736443,0.602363218094947,0.8989477602743293,2,1,17,1,23,15
1479,0.7774469642430566,50.88397981454086,2498.2,0.35539215686274506,0.6934557419566788,0.7371422596161581,0.901742891156333,2,1,17,1,23,14
1480,0.7951343211898556,51.91011235954814,2515.7,0.3538961038961039,0.750442233996249,0.7315117195669311,0.9034490100063871,2,1,17,1,23,13
1481,0.7155791284942254,51.138079525750776,3087.8,0.36417322834645666,0.7075672241824164,0.5474413217290582,0.8917288395712021,2,1,17,1,23,15
1482,0.805191778036253,51.42793145928771,2373.5,0.3440766550522648,0.7236642137804215,0.7772638792812213,0.9146472410471159,2,1,17,1,23,16
1483,0.7448980089885746,53.75438073223167,3176.2,0.3895131086142322,0.852864075550856,0.5189990508518203,0.8628309005630476,2,1,17,1,22,13
1484,0.7942976221368836,51.86701126170661,2498.8,0.3587662337662338,0.7480486052384498,0.7369492125287559,0.8978950486434449,2,1,17,1,23,14
1485,0.7961051463987165,51.65390726563394,2435.2,0.3615771812080537,0.7362138288882761,0.7574122037933753,0.8946894065144985,2,1,17,1,23,13
1486,0.7514773698148718,52.092108094810776,2873.1,0.3767705382436261,0.76054940637787,0.616520004504432,0.8773626985623132,2,1,17,1,23,15
1487,0.736009414214964,51.23696504957442,2943.5,0.3559556786703601,0.7130588530598193,0.5938691462492559,0.9011002433358168,2,1,17,1,23,14
1488,0.7757981947866561,52.27441102385268,2788.7,0.3454810495626822,0.7706736388322291,0.6436752947989898,0.9130456507287497,2,1,17,1,23,15
1489,0.7081699008790787,50.619303575599055,2954.1,0.3961218836565097,0.6787568899838925,0.5904586477051527,0.8552941649481909,2,1,17,1,23,13
1490,0.728014053761777,51.74878929971271,3046.0,0.3729946524064171,0.7414831230998634,0.5608902688180691,0.8816687693673984,2,1,17,1,23,14
1491,0.7356562345776769,50.45487154427335,2753.5,0.3724035608308605,0.6696251216857473,0.6550007239265777,0.882342858120706,2,1,17,1,23,13
1492,0.7524700706757306,51.19540754753652,2689.6,0.38226299694189597,0.7107509482276511,0.675560238734898,0.8710990250646427,2,1,17,1,23,14
1493,0.7431017787541506,52.236663433556764,3022.7,0.36363636363636365,0.7685773182697663,0.5683869307121828,0.8923410872805029,2,1,17,1,23,13
1494,0.8026797537311334,51.80555726090413,2390.3,0.36433447098976113,0.7446357440592878,0.7718585608339633,0.8915449563001493,2,1,17,1,23,13
1495,0.8233128757913639,52.89900731141644,2499.4,0.3325242718446602,0.8053607282753819,0.7367561654413538,0.9278217336573564,2,1,17,1,23,15
1496,0.776195393044996,50.782830972412235,2446.7,0.3682885906040268,0.6878384192094175,0.753712134618169,0.8870356253074017,2,1,17,1,23,14
1497,0.7522969314917807,52.70503723512984,3049.6,0.3546666666666667,0.7945885582842793,0.5597319862936567,0.902570249897406,2,1,17,1,23,14
1498,0.7876366590613035,52.96521306725779,2753.8,0.3578251285819251,0.8090374791947283,0.6549042003828766,0.8989682976063058,2,1,17,1,23,14
1499,0.8148013593808965,52.83815150875464,2526.7,0.3442492012779553,0.8019810881588862,0.7279725229645598,0.9144504670192437,2,1,17,1,23,16
1500,0.7245794584769437,50.60240963855153,2944.9,0.3547273982056591,0.6778186815489684,0.5934187030453177,0.9025009908365451,2,1,17,1,23,14
1501,0.6944752974523986,50.97869254105969,3248.3,0.36664584634603375,0.6987156336364353,0.4958012258490049,0.8889090328717557,2,1,17,1,23,14
1502,0.7269162074992255,51.40392571076209,2998.1,0.37260273972602737,0.7223310493623202,0.5763018612956676,0.8821157118396888,2,1,17,1,23,12
1503,0.7994921537141993,52.17918082993722,2626.4,0.32430340557275544,0.7653850094890761,0.6958945319412493,0.9371969197122728,2,1,17,1,23,13
1504,0.7565359755920059,51.59446481669958,2768.4,0.36876832844574775,0.7329126796756404,0.6502067212560929,0.8864885258442844,2,1,17,1,23,16
1505,0.7069215987920034,51.04315039798626,3109.4,0.37623112278397897,0.7022953146128416,0.5404916265825839,0.8779778551805851,2,1,17,1,23,13
1506,0.7603976180570542,51.65643516788295,2742.1,0.36904761904761907,0.7363542164844895,0.658668618587217,0.886170019099456,2,1,17,1,23,15
1507,0.7201947722067021,51.34248181809299,3073.4,0.3660477453580902,0.7189187495405239,0.552074451826708,0.8895911152528746,2,1,17,1,23,12
1508,0.743832394001128,50.792590660054785,2768.3,0.36316568047337283,0.6883804255660592,0.65023889577066,0.8928778606666649,2,1,17,1,23,14
1509,0.8156853696965174,52.58835999463701,2394.8,0.36697247706422015,0.7881088625871736,0.7704107076784478,0.8885365388239309,2,1,17,1,22,15
1510,0.7338601372646802,50.53842834539692,2940.1,0.328551912568306,0.6742654666443477,0.5949630797445343,0.9323518654051587,2,1,17,1,23,16
1511,0.7668882123226459,53.48645772682263,3002.7,0.36756756756756753,0.837984913702567,0.5748218336255851,0.8878578896397856,2,1,17,1,23,15
1512,0.7261572105749902,51.00809925900119,3002.6,0.35405405405405405,0.7003487420550671,0.5748540081401522,0.9032688815297512,2,1,17,1,23,14
1513,0.7518230755741397,51.04452911911964,2829.4,0.3371757925072046,0.7023718821881264,0.630580267370216,0.922517077164077,2,1,17,1,23,15
1514,0.7938081191736878,52.37362953456469,2654.9,0.3406844106463878,0.776183760208243,0.686724795289651,0.9185158020231695,2,1,17,1,23,16
1515,0.6877235607658436,50.48837901458086,3185.9,0.37813504823151123,0.6714859662708211,0.5158781229388201,0.8758065930878898,2,1,17,1,23,12
1516,0.7828165707423875,50.63267713803001,2481.0,0.3338815789473685,0.6794995936557724,0.742676276121684,0.9262738424497062,2,1,17,1,23,15
1517,0.8423399674270148,54.233334548235305,2453.2,0.360483870967742,0.87946287894698,0.7516207911713132,0.8959362321627513,2,1,17,1,22,15
1518,0.7460056454846407,50.73599654856906,2793.2,0.3476676384839651,0.6852374593875088,0.6422274416434742,0.9105520354229388,2,1,17,1,23,16
1519,0.6942593729370684,49.92669493204151,2965.7,0.3957142857142857,0.6402927196925684,0.5867264040153795,0.8557589951032575,2,2,17,1,23,17
1520,0.7867836716073926,52.21635945235799,2548.9,0.38141025641025644,0.7674497322979684,0.7208297807306832,0.8720715017935261,2,1,17,1,23,14
1521,0.684267124701373,50.794119819750335,3233.3,0.38874345549738215,0.6884653477793168,0.5006274030340566,0.8637086232907455,2,2,17,1,23,17
1522,0.7797428412828113,50.85822097464215,2508.2,0.34527687296416937,0.6920252192313462,0.7339248081594569,0.9132784964576312,2,1,17,1,23,15
1523,0.7406782485142314,52.17440790659002,3091.7,0.3475130890052356,0.7651199441623263,0.546186515660945,0.910728285719423,2,1,17,1,23,16
1524,0.7759602688788192,50.92610208946294,2562.0,0.34335443037974683,0.6957950115726899,0.7166149193224046,0.915470875741363,2,1,17,1,23,14
1525,0.7947782598291995,52.01695610556291,2617.8,0.3312302839116719,0.7563758244581962,0.6986615401940122,0.9292974148353901,2,1,17,2,23,14
1526,0.7420027515560625,51.60370634354674,2959.3,0.35359116022099446,0.7334259098608361,0.588785572947668,0.9037967718596837,2,1,17,1,23,16
1527,0.7228689023295856,51.0992415970699,2933.3,0.38669438669438666,0.7054103514427543,0.5971509467350911,0.8660454088109114,2,1,17,1,23,16
1528,0.8032266289387432,52.946027673414456,2603.6,0.3582554517133956,0.8079720142127932,0.7032303212625279,0.8984775513409083,2,1,17,1,23,16
1529,0.7605848918329976,51.60802118804131,2709.6,0.375366568914956,0.7336655356797795,0.6691253358214958,0.8789638039977176,2,1,17,1,22,14
1530,0.765267103212683,51.04936911991184,2738.6,0.3276627218934911,0.7026406726752406,0.6597947265970624,0.9333659103657459,2,1,17,1,23,15
1531,0.7990155285684822,53.40683720460927,2675.1,0.3716012084592145,0.8335631708415939,0.6802255433471147,0.8832578715167385,2,1,17,1,23,16
1532,0.7762249502217138,52.572137759848296,2870.8,0.33569405099150146,0.7872079572819584,0.6172600183394732,0.92420687504371,2,1,17,1,23,16
1533,0.7676631283160741,51.82356150585204,2791.9,0.3440233236151604,0.7456356136827537,0.6426457103328452,0.9147080609326235,2,1,17,1,23,15
1534,0.8025181541570584,52.90666195206313,2695.3,0.3323308270676692,0.8057858303934278,0.6737262914045783,0.9280423406731693,2,1,17,1,23,15
1535,0.7819461695956241,52.735345981428765,2804.3,0.3473531544597534,0.7962717610421459,0.6386560705265358,0.9109106772181909,2,1,17,1,23,14
1536,0.7288103987158583,50.91295159303025,2875.9,0.3781869688385269,0.6950646959190991,0.6156191180965557,0.8757473821319204,2,1,17,1,23,16
1537,0.7120750101598462,50.344054078629576,2934.8,0.3778901734104046,0.6634708498477855,0.5966683290165858,0.8760858516151675,2,2,17,1,23,17
1538,0.7604031436123809,50.35134861652729,2531.3,0.36495176848874594,0.6638759535820573,0.7264924952944771,0.8908409819606085,2,1,17,1,23,12
1539,0.7507004364015739,51.195033192450744,2735.7,0.37389380530973454,0.7107301583372814,0.6607277875195058,0.8806433633479346,2,1,17,1,23,16
1540,0.7702494605722027,50.58699409638581,2567.7,0.3402555910543131,0.6769625760924299,0.7147809719920851,0.9190048336320931,2,1,17,1,23,16
1541,0.6848327652200794,50.35550303194403,3064.8,0.4134349030470914,0.6641066699375878,0.5548414600794709,0.8355501656431796,2,2,17,1,23,17
1542,0.771432785770249,52.540363039311316,2839.6,0.35555555555555557,0.7854433413288338,0.6272984668843808,0.9015565490975327,2,1,17,1,22,15
1543,0.7519477044074165,51.32475397425926,2772.6,0.36651917404129797,0.717934229912504,0.6488553916442785,0.8890534916654673,2,1,17,1,23,15
1544,0.8174441608981492,52.859250728755626,2469.1,0.35457516339869277,0.8031528378889552,0.7465050433551583,0.9026746014503342,2,1,17,1,23,16
1545,0.789570771049786,53.007188628302906,2763.7,0.3519882179675994,0.8113686010239624,0.6517189234407426,0.9056247886846531,2,1,17,1,23,16
1546,0.712174767818067,52.428733512973785,3330.1,0.36762020693852704,0.7792439715252285,0.46948247293318957,0.8877978589957833,2,1,17,1,23,14
1547,0.7455056841874742,51.15213133880318,2792.3,0.3695014662756598,0.7083475946487353,0.6425170122745771,0.8856524456391103,2,1,17,1,23,14
1548,0.7062890989117477,49.99173417093471,2861.7,0.39657738095238093,0.6439046878417913,0.6201878991650713,0.8547747097283805,2,2,19,1,23,15
1549,0.7224103658692003,50.67647891310226,3028.4,0.34048257372654156,0.6819321346745898,0.5665529833818631,0.9187459795511481,2,1,17,1,23,14
1550,0.7840972259213119,51.638827239806034,2504.2,0.3729641693811075,0.7353763564038688,0.7352117887421373,0.8817035326179298,2,1,17,1,23,14
1551,0.7392964329246328,50.741512440247426,2786.8,0.36739130434782613,0.6855437856206544,0.6442866105757629,0.8880589025774809,2,1,17,1,23,15
1552,0.7577402102059372,51.66835292522134,2783.9,0.3648255813953489,0.7370160717067982,0.6452196714982061,0.8909848874128076,2,1,17,1,23,14
1553,0.7233270876182808,51.03894987245718,3016.2,0.35916442048517516,0.7020620375222849,0.5704782741590386,0.897440951173519,2,1,17,1,23,14
1554,0.7278257777795328,52.152221513897075,3189.4,0.3526785714285714,0.7638878180625013,0.5147520149289747,0.9048375003471226,2,1,17,1,23,13
1555,0.7574237353182688,51.3126318085931,2781.1,0.3491253644314869,0.7172610228296589,0.6461205579060826,0.908889625219065,2,1,17,1,23,14
1556,0.7608120954416684,52.17068186040472,2872.8,0.3561253561253561,0.7649130173843863,0.6166165280481329,0.9009067408924858,2,1,17,1,23,14
1557,0.740395171171412,52.454229567550456,3046.1,0.37474949899799603,0.7806599004110661,0.5608580943035022,0.8796675187996676,2,1,17,1,23,15
1558,0.7713742284132129,51.129446773972916,2593.8,0.35634920634920636,0.707087802451898,0.706383423690095,0.9006514590976458,2,1,17,1,23,14
1559,0.767325564122878,50.83268845472697,2696.5,0.32357357357357364,0.6906072652350754,0.6733401972297742,0.9380292299037845,2,1,17,1,23,15
1560,0.7714917995310172,52.40218135069295,2835.9,0.34971509971509973,0.7777693914704272,0.6284889239233602,0.9082170831992643,2,1,17,1,23,14
1561,0.6890834294035908,51.744674948631975,3364.3,0.38540410132689984,0.7412546317258677,0.4584787889512716,0.8675168675336333,2,1,17,1,23,14
1562,0.7750271418707777,52.28746557697173,2675.9,0.3799694189602446,0.7713986262532191,0.6799681472305785,0.8737146521285359,2,1,17,1,23,14
1563,0.7547754304366302,51.89559441647801,2834.8,0.36933045356371486,0.7496359768989354,0.6288428435835973,0.8858474708273582,2,1,17,1,23,14
1564,0.7894813421466312,53.6375276452073,2839.6,0.36150568181818177,0.8463746141787228,0.6272984668843808,0.8947709453767901,2,1,17,1,23,16
1565,0.7644752349469083,51.19366022783302,2656.6,0.3599071207430341,0.7106539104513341,0.6861778285420118,0.896593965847379,2,1,17,1,23,15
1566,0.8024254910147457,53.18065601712981,2723.3,0.33801775147929,0.8210021498482416,0.6647174273258151,0.9215568958701806,2,1,17,1,23,16
1567,0.7421982537342144,52.59086513849881,3127.6,0.35366645035691113,0.7882479862914487,0.5346358649313878,0.9037109099798072,2,1,17,1,23,16
1568,0.7568967733021037,51.81360044795351,2817.8,0.3645533141210374,0.7450824241855468,0.6343125110599893,0.8912953846607751,2,1,17,1,23,16
1569,0.7420373149689838,51.35913917826721,2855.9,0.3707627118644068,0.7198438196278018,0.6220540210099579,0.8842141042691921,2,1,17,1,23,15
1570,0.7558688661685218,51.404344412454876,2749.6,0.36656891495601174,0.7223543020510679,0.6562555299946912,0.8889967664598065,1,1,17,1,23,12
1571,0.7504022222067176,51.00372383683349,2700.2,0.37537764350453173,0.7001057520419905,0.6721497401907949,0.8789511743873675,2,1,17,1,23,16
1572,0.7525119368691446,53.44449578716286,3056.8,0.3880794701986755,0.8356545483399037,0.5574154212448318,0.8644658410226989,2,1,17,1,23,16
1573,0.7602258204559464,52.563629656950376,2865.2,0.37894736842105264,0.7867354579538518,0.619061791155226,0.8748802122587619,2,1,17,1,23,15
1574,0.7445823308158006,51.27070909598009,2796.1,0.376632801161103,0.7149328359494914,0.6412943807210308,0.8775197757768799,2,1,17,1,23,15
1575,0.7098767317449388,52.65128321757525,3429.5,0.3564593301435407,0.7916033173342926,0.4375010054535801,0.9005258724469438,2,1,17,1,23,13
1576,0.7025472641920772,51.1805998723646,3274.4,0.3478802992518703,0.7099286007956213,0.4874036775470149,0.9103095142335957,2,1,17,1,23,13
1577,0.7351517124229143,51.16765559780368,2960.4,0.35006877579092155,0.709209737718124,0.588431653287431,0.9078137462631881,2,1,17,1,23,14
1578,0.7813404812512204,51.792702513174156,2579.9,0.36635220125786166,0.7439218528736421,0.7108556812149096,0.8892439096651095,2,1,17,1,23,16
1579,0.7627124304641321,52.63328537558736,2932.2,0.35689535689535684,0.7906038033005917,0.5975048663953283,0.9000286216964765,2,1,17,1,23,15
1580,0.7205762097355681,51.10811091494168,2918.9,0.3972201901975128,0.7059029109222836,0.6017840768327407,0.8540416414516799,2,2,17,1,23,17
1581,0.7288247099352618,50.97704051901362,2951.0,0.36008230452674894,0.6986238882360625,0.59145605765673,0.8963941839129929,2,1,17,1,23,16
1582,0.7890068362715923,51.6394280457448,2556.9,0.3452098178939034,0.7354097222911642,0.7182558195653223,0.9133549669582908,2,1,17,1,23,14
1583,0.6938782925479314,50.44914323898337,3107.5,0.38215258855585826,0.6693069990169008,0.5411029423593571,0.8712249362675367,2,2,17,1,23,17
1584,0.7405172340929674,51.06434568250206,2853.4,0.3611111111111111,0.7034723993064446,0.6228583838741332,0.8952209190983247,2,1,17,1,23,15
1585,0.7953306112042381,52.48646100424031,2567.9,0.3667192429022082,0.7824498801941724,0.7147166229629509,0.8888253304555911,2,1,17,1,23,16
1586,0.742248697147529,52.11406874183952,2978.9,0.3722677595628415,0.7617689956435807,0.5824793680925338,0.8824977277064725,2,1,17,1,23,16
1587,0.6564438578450814,49.526416249501956,3236.8,0.39921465968586384,0.6180631567894759,0.4995012950242112,0.8517671217215574,2,2,17,1,23,17
1588,0.7126488410842617,52.113257078564416,3176.2,0.39443005181347146,0.7617239197486678,0.5189990508518203,0.8572235526522972,2,1,15,1,23,15
1589,0.6864109186166696,50.4031966629125,2884.8,0.4623893805309735,0.6667553460123765,0.6127555863000915,0.7797218235375407,1,2,17,1,23,16
1590,0.758647908955,50.397558868239905,2603.1,0.3515625,0.6664422498701736,0.703391193835363,0.9061102831594635,2,1,17,1,23,15
1591,0.7570638955968961,51.32314918777227,2797.0,0.3460982658959537,0.7178451077490848,0.6410048100899277,0.912341768951676,2,1,17,1,23,16
1592,0.6923952984240758,50.87246750204653,3104.7,0.4074585635359116,0.6928164032011671,0.5420038287672334,0.8423656633038267,2,2,15,1,23,16
1593,0.6917695330500417,50.18056515432933,3022.0,0.3987430167597766,0.6543914572015579,0.5686121523141519,0.8523049896344155,2,2,17,1,23,17
1594,0.7406603919549799,51.62991812076146,2903.3,0.3741981468282252,0.7348815865576307,0.6068033011051944,0.8802962882021148,2,2,17,1,22,16
1595,0.7883814056742466,51.80348111034363,2460.6,0.382013201320132,0.7445204445904575,0.7492398770933544,0.871383895338928,2,1,17,1,23,16
1596,0.8142598768999971,52.67119192487357,2504.7,0.34375,0.7927089516848392,0.7350509161693023,0.9150197628458498,2,1,17,1,23,16
1597,0.7153487891298225,50.98887147646074,2910.4,0.40756302521008403,0.6992809230077018,0.6045189105709367,0.8422465338108288,1,1,17,1,23,15
1598,0.773256505633062,52.45435564834709,2687.5,0.3894817073170732,0.7806669023352802,0.6762359035408053,0.8628667110231006,2,1,17,1,23,15
1599,0.7410895235979904,51.82700794351,2967.9,0.36444141689373294,0.7458270123408662,0.5860185646949051,0.8914229937582001,2,1,17,1,23,16
1600,0.7509829420184528,51.42911324392112,2760.4,0.37758112094395285,0.7237298444447366,0.6527806824214539,0.876438299189168,2,1,17,1,23,15
1601,0.7751514168267613,52.28625712475982,2772.0,0.35247093023255816,0.7713315145991847,0.6490484387316806,0.9050742971494186,2,1,17,1,23,16
1602,0.7562992340284325,52.19994501410009,2905.3,0.360252808988764,0.7665381529316679,0.6061598108138542,0.8961997383397754,2,1,17,1,23,15
1603,0.7293233429116076,50.35431086793041,2874.6,0.35000000000000003,0.6640404628521555,0.6160373867859268,0.9078921790967407,2,2,17,1,23,17
1604,0.7972912126645408,51.136363636361395,2351.4,0.3568965517241379,0.7074719318953677,0.7843744470005308,0.900027259097724,2,1,17,1,23,16
1605,0.6921314226323824,50.630184994201834,3145.6,0.3848150551589877,0.6793611919111665,0.5288444523093258,0.868188623676655,2,1,17,1,23,14
1606,0.8046668298222207,52.32020187859003,2515.4,0.3488745980707395,0.7732166438189353,0.731608243110632,0.9091756025370948,2,1,17,1,23,15
1607,0.7486449697077908,51.27569977705955,2786.7,0.36884057971014494,0.7152099944988334,0.6443187850903299,0.8864061295342092,2,1,17,1,23,16
1608,0.746261677029656,50.77319868104342,2719.5,0.3695987654320988,0.687303487832294,0.6659400588793616,0.8855414843773124,2,2,17,1,23,17
1609,0.7523790742962628,50.18521724078005,2565.3,0.36837748344370863,0.6546498118252184,0.7155531603416933,0.8869342507218771,2,2,17,1,23,17
1610,0.7473328600748955,51.47064552572866,2968.9,0.33038147138964574,0.7260363486659762,0.5856968195492349,0.9302654120094754,2,1,17,1,23,16
1611,0.7323446766901869,51.109392659565394,2903.0,0.3708100558659218,0.7059740928862036,0.6068998246488956,0.8841601125354616,2,1,17,1,23,14
1612,0.7419275401421378,50.80125253269216,2817.9,0.3546047860768673,0.6888614645297868,0.6342803365454223,0.9026408193512043,2,1,17,1,23,15
1613,0.7261231413751276,51.527966474671395,3011.3,0.3770053475935829,0.72921967991935,0.572054825372822,0.8770949188332108,2,1,17,1,23,15
1614,0.7008967293282723,51.236509184472816,3226.4,0.3684871311989956,0.7130335364931533,0.5028474445391804,0.8868092069524834,2,1,17,1,23,16
1615,0.7716492159261114,53.950807453413105,3074.4,0.3574270557029177,0.8637726758456508,0.5517527066810378,0.8994222652516457,2,1,17,1,23,13
1616,0.7746811699487479,51.25384242031794,2547.1,0.3668831168831169,0.7139961414814796,0.7214089219928894,0.8886384463718747,2,1,19,1,23,15
1617,0.6864297320579138,50.73282598041185,3231.5,0.3805774278215223,0.6850613812015758,0.5012065442962629,0.8730212706759027,2,2,17,1,23,17
1618,0.7944816582323848,51.16907113922022,2457.9,0.3358333333333333,0.7092883501157697,0.7501085889866635,0.9240480355947214,2,1,17,1,23,16
1619,0.7740189176494862,52.10896123899887,2797.4,0.3396501457725948,0.761485349372554,0.6408761120316596,0.919695291544245,2,1,17,1,23,15
1620,0.7997228450353698,52.62172495854838,2619.4,0.3472222222222222,0.7899617930488247,0.69814674796094,0.9110599940963449,2,1,17,1,23,16
1621,0.7910067579312245,53.7855459043869,2834.9,0.36602700781805264,0.8545948401032301,0.6288106690690304,0.8896147646214134,2,1,17,1,23,14
1622,0.7850283658074486,53.675554448040984,2910.2,0.3551532033426184,0.8484864408696468,0.6045832596000708,0.9020153969526287,2,1,17,1,23,15
1623,0.8010431575891117,51.475457031810016,2420.8,0.34395973154362414,0.7263035566931824,0.7620453338910248,0.9147805821831281,2,1,17,1,23,14
1624,0.722621645872712,50.707567155323055,3044.5,0.33689839572192515,0.6836586269064749,0.5613728865365744,0.9228334241750871,2,1,17,1,23,15
1625,0.8197933131440018,53.894736842102674,2592.3,0.3640625,0.8606587823621602,0.7068660414086001,0.8918551156612454,2,1,17,1,23,15
1626,0.7850867478626489,51.84533852990567,2469.3,0.39026402640264024,0.7468450054069669,0.7464406943260242,0.8619745438549558,2,1,17,1,23,15
1627,0.794349842130122,51.288010846404624,2666.1,0.28323262839879154,0.7158936923881998,0.6831212496581458,0.9840345843440205,2,1,17,1,23,15
1628,0.7466606186486182,50.92811551741917,2762.7,0.363905325443787,0.6959068277281744,0.6520406685864127,0.8920343596312674,2,1,17,1,23,14
1629,0.7368896956116193,49.96551075437136,2728.4,0.3524096385542168,0.6424483647512619,0.6630765270828975,0.9051441950006988,2,1,17,1,23,12
1630,0.7196110259999602,50.91206512848522,3033.9,0.35776731674512446,0.6950154659195394,0.5647833850806775,0.8990342269996636,2,1,17,1,23,14
1631,0.6497516971806421,48.69161796850325,3223.4,0.3799472295514512,0.5717024543380765,0.5038126799761907,0.8737399572276588,2,2,17,1,23,17
1632,0.7772784763725471,51.56219296521654,2658.1,0.34375000000000006,0.7311204554482846,0.6856952108235067,0.9150197628458498,2,1,17,1,23,15
1633,0.8278945258639521,52.94450950024325,2359.5,0.3621575342465753,0.8078877021385328,0.7817683113206029,0.8940275641327206,2,1,17,1,23,14
1634,0.7339406665461226,51.048786236150924,2952.4,0.3497229916897507,0.7026083020999548,0.5910056144527919,0.9082080830856211,2,1,17,1,23,13
1635,0.7683365654746589,52.71690811149769,2812.3,0.38,0.7952478099617847,0.6360821093611749,0.8736797771010173,2,1,17,1,23,14
1636,0.8813283175583556,53.30788252136381,2037.7,0.33007812499999994,0.8280677011807953,0.8853058991972459,0.9306113522970259,2,1,17,1,22,13
1637,0.7689530970182115,51.94623176402869,2763.3,0.35467255334805003,0.7524481329085483,0.6518476214990105,0.9025635366470758,2,1,17,1,23,15
1638,0.780872092930201,51.852730311031834,2715.2,0.3323353293413174,0.7472555095648887,0.6673235630057431,0.9280372062199712,2,1,17,1,23,15
1639,0.7839403041499666,51.27685074213827,2526.3,0.34951456310679613,0.7152739135925368,0.7281012210228277,0.9084457778345356,2,1,17,1,23,15
1640,0.7522122959726427,52.47215510636756,3025.3,0.3504043126684636,0.781655399072595,0.5675503933334405,0.9074310955118927,2,1,17,1,23,13
1641,0.7079359860773564,51.31292858337228,3119.1,0.38396349413298564,0.7172775042809817,0.5373706986695838,0.869159755281504,2,1,17,1,23,15
1642,0.7800332078041452,52.60273972602478,2714.6,0.3712349397590361,0.7889074440689201,0.6675166100931452,0.8836755692503703,2,1,17,1,23,13
1643,0.7090711353328099,51.01007789544699,3146.4,0.3585271317829457,0.7004586260565212,0.5285870561927896,0.8981677237491191,2,1,17,1,23,16
1644,0.8213185359985065,52.72430668841523,2476.2,0.33580858085808585,0.7956586915254455,0.7442206528209006,0.9240762636491732,2,1,17,1,23,15
1645,0.7599430429862207,51.40643210381819,2770.7,0.35000000000000003,0.7224702424408699,0.6494667074210518,0.9078921790967407,2,1,17,1,23,13
1646,0.8060221841154153,52.02251512078915,2467.4,0.3443548387096774,0.7566845455668672,0.7470520101027975,0.9143299966765812,2,1,17,1,22,14
1647,0.7167288760955557,51.72374472613644,3076.5,0.3928571428571429,0.7400922673086863,0.5510770418751306,0.8590173191028501,2,1,17,1,23,14
1648,0.7769695126820529,53.29873113453094,2852.5,0.3742816091954023,0.8275594769407205,0.6231479545052363,0.8802011066002021,2,1,17,1,23,14
1649,0.7638791929324895,50.63084888569432,2654.7,0.33460365853658536,0.679398061268284,0.6867891443187851,0.9254503732103997,2,1,17,1,23,14
1650,0.7560653420197732,51.49110694338268,2813.3,0.35230547550432273,0.727172677905247,0.6357603642155047,0.9052629839385681,2,1,17,1,23,14
1651,0.759166845806025,51.91016822739434,2827.2,0.360632183908046,0.7504453366291284,0.6312881066906904,0.8957670940982564,2,1,17,1,23,15
1652,0.7782325345471658,52.23158233621028,2716.9,0.3572485207100592,0.7682951384335487,0.6667765962581038,0.8996258689498451,2,1,17,1,23,15
1653,0.817719332810291,52.19827480277966,2398.7,0.34152542372881356,0.766445397386023,0.7691559016103344,0.9175566994345158,2,1,17,1,23,13
1654,0.7217691491777025,52.25293022030443,3164.9,0.38042773817239145,0.7694806977776236,0.5226347709978925,0.8731919787575916,2,1,17,1,23,13
1655,0.7006778550773191,51.13813079182325,3210.5,0.3687580025608195,0.7075700712548001,0.5079631923553353,0.8865003016218219,2,1,17,1,23,13
1656,0.7909411360656297,53.41069537592387,2747.9,0.3724907063197026,0.8337774352170655,0.6568024967423303,0.8822434762374933,2,1,17,1,23,15
1657,0.7635416225121858,52.21130739069672,2826.1,0.36409883720930236,0.7671691649647867,0.6316420263509274,0.8918136762208436,2,1,17,1,23,12
1658,0.7739781860115569,51.88565938025196,2791.9,0.3304347826086957,0.7490842325209176,0.6426457103328452,0.9302046151809081,2,1,17,1,23,16
1659,0.7813256150830026,51.18445390323559,2581.9,0.33620689655172414,0.7101426352306642,0.7102121909235694,0.9236220190947745,2,1,17,1,23,16
1660,0.7816470306509778,51.25289256198101,2594.5,0.3351393188854489,0.7139433908940243,0.706158202088126,0.9248394989707834,2,1,17,1,23,15
1661,0.7513760429345535,51.82141771506182,2950.7,0.3419618528610354,0.7455165577991879,0.5915525812004311,0.9170589898040418,2,1,17,1,23,16
1662,0.6992362474512646,50.98621034906187,3169.9,0.37660668380462725,0.6991331367240783,0.5210260452695419,0.8775495603601737,2,1,17,1,23,15
1663,0.7799160533745284,54.341156068174854,2975.0,0.38273283480625425,0.88545077029457,0.5837341741606473,0.8705632156683683,2,1,17,1,23,16
1664,0.6828286563101069,50.92054220947427,3293.0,0.38184079601990045,0.6954862424392512,0.4814192178375508,0.8715805086535187,2,1,17,1,23,13
1665,0.7447620616976651,54.334135100891004,3274.0,0.3905109489051095,0.885060859363299,0.487532375605283,0.8616929501244135,2,1,17,1,22,13
1666,0.7182809767923353,49.60547800895191,2774.6,0.3707951070336391,0.6224538686399584,0.6482119013529383,0.884177160384109,2,2,17,1,23,17
1667,0.7995175333154558,52.00045855783312,2583.0,0.3277777777777778,0.7554596295894627,0.7098582712633322,0.933234699093573,2,1,17,1,23,14
1668,0.7153339216824368,51.93503514476769,3192.1,0.37420178799489145,0.7518263262447877,0.5138833030356654,0.8802921357668575,2,1,17,1,23,12
1669,0.7909279180270867,53.10358834029639,2728.5,0.3630434782608696,0.8167221798056339,0.6630443525683306,0.8930172217072958,2,1,17,1,22,13
1670,0.6826447975761699,51.83278848159948,3358.7,0.4082125603864734,0.7461480357694901,0.4602805617670243,0.8415057951919955,1,1,17,1,23,14
1671,0.723534843073584,51.62985742241813,3122.6,0.35737491877842753,0.7348782156620519,0.5362445906597384,0.8994817228989617,2,1,17,1,23,16
1672,0.8136783862970034,52.6726656538482,2517.1,0.3418530351437699,0.7927907955410641,0.7310612763629929,0.9171830869869534,2,1,17,1,23,16
1673,0.7875358468081197,51.59534662221675,2580.8,0.3401898734177215,0.7329616509350839,0.7105661105838065,0.9190797789054689,2,1,17,1,23,14
1674,0.7363619872190625,50.253506288270366,2694.6,0.3773584905660377,0.6584422587952824,0.6739515130065474,0.8766921898553579,2,2,17,1,23,17
1675,0.8067868765271455,51.78471631636266,2406.4,0.34797297297297297,0.7434783377125267,0.7666784639886745,0.9102038278802356,2,1,17,1,23,14
1676,0.7227497732835158,49.301725393882606,2807.0,0.3351063829787234,0.6055849016971715,0.6377873586332266,0.9248770595201495,2,2,17,1,23,16
1677,0.8013499669989157,53.74952251022924,2710.8,0.37207602339181284,0.8525942731449048,0.6687392416466915,0.882716386205151,2,1,17,1,22,15
1678,0.8208468899823218,51.97506247002485,2323.9,0.3435314685314685,0.7540492523796531,0.7932224385064589,0.9152689790608537,2,1,17,1,23,12
1679,0.790436850595229,51.85631145895794,2635.9,0.3297213622291022,0.7474543893867758,0.6928379530573832,0.931018209341528,2,1,17,1,23,14
1680,0.7972199512255675,51.28180531907012,2404.0,0.3493265993265993,0.71554906709026,0.7674506523382828,0.9086601342481601,2,1,17,1,23,15
1681,0.7469768473757832,50.98522167487423,2777.8,0.3615942028985507,0.6990782304899883,0.6471823168867938,0.8946699947505675,2,1,17,1,23,16
1682,0.7815222897605218,51.89189189188924,2779.8,0.3143063583815029,0.7494303563979279,0.6465388265954536,0.9485976862881844,2,1,17,1,23,16
1683,0.7150858384419517,51.298446248980916,3163.5,0.3519230769230769,0.7164732247193173,0.5230852142018306,0.9056990764047073,2,1,17,1,23,13
1684,0.7789793521748039,51.20115220595437,2564.5,0.3481012658227848,0.7110699790709781,0.7158105564582293,0.9100575209952043,2,1,17,1,23,16
1685,0.782310252204788,51.19053299613266,2421.4,0.37919463087248323,0.710480238964872,0.7618522868036228,0.8745982308458691,2,1,17,1,23,14
1686,0.7208098717404445,51.3643480205742,3086.3,0.36185499673416066,0.7201330938079324,0.5479239394475635,0.8943725819658377,2,1,17,1,23,14
1687,0.6724453139589751,50.810101337239495,3395.0,0.375,0.6893528847974217,0.4486012129791991,0.8793818441003046,2,1,17,1,23,13
1688,0.7260900668588943,51.231161423280405,2961.1,0.3768016472203157,0.7127365474227806,0.5882064316854619,0.8773272214684406,2,1,17,1,23,14
1689,0.7406598476273545,51.58693420814025,2903.0,0.37219101123595505,0.7324944657062977,0.6068998246488956,0.8825852525268705,2,1,17,1,23,15
1690,0.7672221587830014,52.51495537380164,2792.6,0.37865497076023386,0.7840323211488813,0.6424204887308762,0.8752136664692468,2,1,17,1,23,14
1691,0.7656844361903308,52.16557455649408,2764.8,0.3735294117647059,0.7646293821609802,0.6513650037805053,0.8810589226295067,2,1,17,1,23,14
1692,0.6959610960441617,50.86086972231469,3174.3,0.3778772378516624,0.6921723180042,0.5196103666285934,0.8761006034996918,2,1,17,1,23,15
1693,0.7997911163914653,52.02975557916863,2564.9,0.33359133126934987,0.7570866459834386,0.7156818583999613,0.926604844790996,2,1,17,1,22,14
1694,0.7113914230832304,50.749785347733884,2972.5,0.3888101983002833,0.6860032233208959,0.5845385370248226,0.8636325089039729,2,2,17,1,23,17
1695,0.7700672384138304,50.1335924216639,2519.6,0.33222591362126247,0.6517828163693967,0.7302569134988176,0.9281619853732769,2,1,17,2,23,12
1696,0.7860538320520951,52.78405315614351,2707.2,0.36631419939577037,0.7989767244873234,0.669897524171104,0.8892872474978579,2,1,17,1,23,16
1697,0.7947186943609313,51.83223992502105,2480.0,0.36126932465419037,0.7461175715616818,0.742998021267354,0.8950404902537582,2,1,17,1,23,13
1698,0.7572737206342378,51.636530098418135,2683.4,0.3928571428571429,0.7352487841618107,0.6775550586380528,0.8590173191028501,2,1,17,1,23,14
1699,0.7153604854846481,51.00050729947298,3066.5,0.36405835543766574,0.6999271209464449,0.5542944933318318,0.8918598421756679,2,1,17,1,23,14
1700,0.7010512577080076,51.62943390183063,3262.0,0.3771712158808933,0.734854695354948,0.49139331735332437,0.8769057604157505,1,1,17,1,23,14
1701,0.7380428980620763,52.979205422427064,3242.6,0.35106382978723405,0.8098145476546932,0.4976351731793246,0.9066789733522116,2,1,17,1,23,15
1702,0.7747001201538447,53.13074072920601,2890.1,0.36146272855133615,0.8182300935756258,0.61105033702804,0.8948199298578685,2,1,17,1,23,14
1703,0.7788498949691647,51.66523672100212,2594.5,0.36257763975155277,0.7368430126338776,0.706158202088126,0.8935484701854903,2,1,17,1,23,15
1704,0.7981704865863748,52.66026674972206,2663.7,0.3406844106463878,0.7921022197282012,0.683893438007754,0.9185158020231695,2,1,17,1,23,14
1705,0.7391003281966149,50.117781880687666,2654.0,0.37500000000000006,0.650904774568786,0.6870143659207542,0.8793818441003046,1,1,17,1,23,14
1706,0.7761676835504021,52.244897959180996,2796.6,0.34084302325581395,0.7690346244250169,0.6411335081481958,0.9183349180779936,2,1,17,1,23,16
1707,0.7051667012502356,50.7037640229616,3159.7,0.35012919896640826,0.6834474191311286,0.5243078457553771,0.9077448388642011,2,1,17,1,23,13
1708,0.7779161401747525,51.78910753969272,2706.2,0.33955223880597013,0.7437222052465602,0.6702192693167742,0.919806945960923,2,1,17,1,23,14
1709,0.7864350350370046,50.84588589159592,2414.4,0.35353535353535354,0.6913401877359105,0.7641045028233135,0.9038604145517901,2,1,17,1,23,15
1710,0.776342015655115,51.52965305075796,2699.9,0.3328358208955224,0.729313344285809,0.6722462637344958,0.9274664389450402,2,1,17,1,23,15
1711,0.7394583772896881,51.356079615316524,2897.0,0.365802382620883,0.7196739061399368,0.6088302955229162,0.8898709302062114,2,1,17,1,23,16
1712,0.7822703642853106,52.72226050999043,2732.3,0.36617647058823527,0.7955450565656306,0.6618217210147841,0.8894443152755174,2,1,17,1,23,14
1713,0.7752707934906808,52.58738862234139,2762.5,0.3695014662756598,0.7880549172173859,0.6521050176155466,0.8856524456391103,2,1,17,1,23,13
1714,0.7263398033705566,51.65504972439859,2998.7,0.3861788617886179,0.7362772755819941,0.5761088142082657,0.8666333203214103,2,1,17,1,23,14
1715,0.8165441539888045,52.62606542545352,2470.2,0.34527687296416937,0.7902028418138614,0.7461511236949213,0.9132784964576312,2,1,17,1,23,15
1716,0.7624876897434206,50.54166244810937,2580.1,0.3549679487179487,0.6744450732354988,0.7107913321857756,0.9022266638089875,2,1,17,1,23,15
1717,0.7490667744193658,51.29485945912481,2827.9,0.3570402298850575,0.7162740315716316,0.6310628850887211,0.8998634065977444,2,1,17,1,23,14
1718,0.7631767195371959,51.59160984930476,2683.9,0.375,0.7327541284460654,0.6773941860652176,0.8793818441003046,2,1,17,1,23,15
1719,0.7368117746399978,50.35068900074009,2745.6,0.36651917404129797,0.6638393216771545,0.6575425105773717,0.8890534916654673,2,1,17,1,23,15
1720,0.709887170607673,50.702804681003286,3073.2,0.3620689655172414,0.6833941418687158,0.5521388008558421,0.8941285690984613,2,1,17,1,23,13
1721,0.8111666362019534,51.88213458202189,2428.3,0.335016835016835,0.7488884820915446,0.7596322452984989,0.924979181215817,2,1,17,1,23,14
1722,0.8085680121466459,52.28081527013674,2454.2,0.35396039603960394,0.7710293000298608,0.7512990460256431,0.9033756903844341,2,1,17,1,23,15
1723,0.8236960135892621,54.47082494969547,2669.1,0.3601823708206687,0.8926519595761184,0.6821560142211354,0.8962800669705329,2,1,17,1,23,13
1724,0.7787490513691421,52.89086774079611,2801.6,0.36409883720930236,0.8049086954667375,0.6395247824198452,0.8918136762208436,2,1,17,1,23,15
1725,0.7844480709656931,52.00673437245165,2689.8,0.337593984962406,0.7558081583068695,0.6754958897057639,0.922040164884446,2,1,17,1,23,15
1726,0.7264133141218084,50.507800230339754,2780.1,0.3917910447761194,0.6725645276736614,0.6464423030517527,0.8602331116400115,2,2,17,1,22,16
1727,0.7056734743411378,50.833814788336475,3056.7,0.3841886269070735,0.6906698164148273,0.557447595759399,0.8689030108491872,2,2,17,1,23,17
1728,0.760957597268491,52.694248844023896,2931.2,0.36476256022023396,0.7939894226590912,0.5978266115409984,0.8910567576053834,2,1,17,1,23,16
1729,0.7860631667819852,51.2870603089875,2404.6,0.37876254180602004,0.7158409040878795,0.7672576052508807,0.8750909910071955,2,1,17,1,23,16
1730,0.7729579772356829,53.42397612335976,2896.6,0.3784916201117319,0.8345149843881906,0.6089589935811843,0.8753999537376738,2,1,17,1,23,16
1731,0.7632649061233607,52.00672212769688,2782.9,0.36705202312138724,0.7558074782917743,0.6455414166438763,0.8884458234344318,2,1,17,1,23,15
1732,0.7907851467426775,51.80404190032565,2492.1,0.3668300653594771,0.7445515881829706,0.7391049050047457,0.8886989470403164,2,1,17,1,23,15
1733,0.714879379581796,51.12211877807645,2866.3,0.42772861356932157,0.7066808406204543,0.6187078714949887,0.8192494266299449,2,2,17,1,23,17
1734,0.7837322510088067,51.77535162781296,2646.5,0.3404255319148936,0.7429582677156367,0.68942745451328,0.9188110307975036,2,1,17,1,23,15
1735,0.8265273251263999,52.10501294173368,2217.4,0.36496350364963503,0.7612660798329927,0.8274882965203262,0.8908275990258812,2,1,17,1,23,15
1736,0.7419193192559836,51.00472931175275,2881.9,0.34647887323943666,0.7001615913083321,0.6136886472225349,0.9119077192370839,2,1,17,1,23,13
1737,0.7780091694081521,51.813069614114156,2692.6,0.344311377245509,0.7450529442138726,0.6745950032978877,0.9143795607126963,2,1,17,1,23,16
1738,0.7729560982256227,52.6285983954669,2760.9,0.3780487804878049,0.7903435108494616,0.6526198098486188,0.875904973978788,2,1,17,1,22,13
1739,0.7970494992311075,51.84861382721487,2546.9,0.33706070287539935,0.747026899748927,0.7214732710220234,0.9226483269223723,2,1,17,1,23,16
1740,0.7811062344097687,52.69101779725217,2774.6,0.355783308931186,0.7938099857802667,0.6482119013529383,0.9012968160961011,2,1,17,1,23,15
1741,0.7797906431333845,53.30015079774891,2860.5,0.3646723646723647,0.8276383182434972,0.6205739933398754,0.8911596178167811,2,1,17,1,23,14
1742,0.7502644360302811,52.05191304258762,2846.2,0.3855932203389831,0.7583171654897998,0.6251749489229581,0.8673011936780858,2,1,17,1,23,16
1743,0.7178189340927144,52.3878307210563,3319.1,0.35388409371146734,0.776972426160701,0.47302166953556085,0.9034627065818814,2,1,17,1,23,14
1744,0.772671473499366,53.78144520087537,3001.3,0.36711409395973155,0.8543671066499314,0.5752722768295232,0.8883750370186436,2,1,17,1,23,16
1745,0.766762312728416,51.46268912238394,2702.5,0.35404191616766467,0.7255944880914592,0.6714097263557536,0.9032827237380355,2,1,17,1,23,13
1746,0.7551337705546626,50.916200420139255,2762.2,0.3411764705882353,0.6952451202327865,0.6522015411592478,0.9179546502719536,2,1,17,1,23,14
1747,0.7316381430050001,50.79315858326197,2949.7,0.3440934065934066,0.6884119653037692,0.5918743263461013,0.9146281373651296,2,1,17,1,23,15
1748,0.7699044353049624,52.07253886010098,2734.6,0.36641791044776123,0.7594626247106903,0.6610817071797429,0.8891689740244544,2,1,17,1,23,15
1749,0.7464953192844996,51.53849977630585,2911.5,0.35208333333333336,0.7298046490957617,0.6041649909106995,0.9055163178470378,2,1,17,1,23,16
1750,0.7270563090525173,51.19747172978838,2950.2,0.37569444444444444,0.7108655830338819,0.5917134537732662,0.8785898903504036,2,1,17,1,23,14
1751,0.7509761786488702,52.28543820092829,3012.7,0.34811827956989244,0.7712860354877058,0.571604382168884,0.9100381182900209,2,1,17,1,23,16
1752,0.7783883676057315,52.38888401858244,2703.7,0.36822289156626503,0.7770309212658224,0.6710236321809495,0.8871105493704228,2,1,17,1,23,14
1753,0.7498264745647553,51.3896398832027,2795.0,0.36893939393939396,0.7215376828499208,0.641648300381268,0.886293440463077,2,2,17,1,23,17
1754,0.7835701400173711,53.08346878286366,2836.8,0.35086455331412103,0.8156048358474304,0.6281993532922571,0.906906230912426,2,1,17,1,23,12
1755,0.8261187347132215,51.71201276839601,2330.1,0.31510416666666663,0.7394407305070941,0.7912276186033043,0.9476878550292663,2,1,17,1,23,16
1756,0.7544810754033401,51.319487063533074,2689.9,0.38293051359516617,0.7176417308901981,0.675463715191197,0.8703377801286254,2,1,17,1,23,14
1757,0.7253172041816043,50.27452852709215,2858.8,0.3611111111111111,0.6596097333589735,0.6211209600875146,0.8952209190983247,2,1,17,1,23,15
1758,0.7302058101919828,52.50151914117583,3226.7,0.3529040404040404,0.7832861370742233,0.5027509209954795,0.9045803725062457,2,1,17,1,23,13
1759,0.6906084923565574,51.89936382438106,3356.8,0.3910411622276029,0.7498453117792159,0.4608918775437974,0.8610882877466591,2,1,17,1,23,13
1760,0.7619552500850549,51.55113064661075,2748.6,0.35798816568047337,0.7305061072003559,0.6565772751403612,0.8987823679144477,2,1,17,1,23,14
1761,0.7674243098663343,52.05999620276935,2772.0,0.3617797228300511,0.7587660655325785,0.6490484387316806,0.8944584253347438,2,1,17,1,23,16
1762,0.7906360459961168,53.5292642778471,2792.2,0.36656891495601174,0.8403621847393998,0.6425491867891443,0.8889967664598065,2,1,17,1,23,15
1763,0.7040904135469619,51.66987797045304,3275.6,0.3673088875077688,0.7371007654224189,0.48701758337221085,0.888152891846256,2,1,17,1,23,14
1764,0.7734039979384866,52.28590106776814,2724.0,0.37059264816204046,0.7713117408974139,0.664492205723846,0.8844080471942,2,1,17,1,23,16
1765,0.8225086981978953,52.62279014048479,2423.1,0.34271523178807944,0.7900209481572319,0.7613053200559836,0.9161998263804705,2,1,17,1,23,16
1766,0.7735213915304509,52.20534446404484,2757.8,0.3568249258160237,0.766838012548042,0.6536172198001962,0.9001089422431144,2,1,17,1,23,14
1767,0.707535726735502,52.09626239083137,3144.8,0.41591203104786545,0.7607801161027097,0.5291018484258617,0.8327252156779349,2,1,17,1,23,16
1768,0.7126079750591954,50.715447310935375,2960.6,0.38729508196721313,0.6840962530467402,0.588367304258297,0.865360367872549,2,1,17,1,23,16
1769,0.7528248384201512,51.57834321790444,2721.6,0.3909495548961424,0.7320173632120176,0.6652643940734544,0.8611927579749818,2,1,17,1,23,15
1770,0.7060712366467572,51.05436049591737,3256.6,0.33748443337484435,0.7029178698174517,0.493130741139943,0.9221650989828769,2,1,17,1,23,16
1771,0.7529434604369691,52.70005328721525,2953.6,0.3798076923076923,0.7943117736626993,0.5906195202779878,0.8738990873702207,2,1,17,1,23,14
1772,0.7723977538409936,53.20215487654935,2875.6,0.3750879662209711,0.8221960936395504,0.6157156416402567,0.8792815262431742,2,1,17,1,23,15
1773,0.7685451899953064,51.65327582160688,2601.7,0.3870716510903427,0.7361787615081444,0.7038416370393011,0.865615171438474,2,1,17,1,23,15
1774,0.7436320325628274,52.06640624999711,3016.0,0.3558406482106685,0.7591220488868687,0.5705426231881726,0.9012314256134409,2,1,17,1,23,13
1775,0.7215475637951625,51.839999999997076,3155.0,0.36369509043927645,0.7465485289979306,0.5258200479400267,0.8922741144475304,2,1,17,1,23,15
1776,0.7686704173866893,52.56887565152364,2872.9,0.3548158640226629,0.7870267953930974,0.616584353533566,0.9024001032334047,2,1,17,1,23,15
1777,0.732867596325803,52.647520966242816,3119.8,0.3831715210355987,0.7913943798957037,0.5371454770676146,0.8700629320140908,2,1,17,1,23,16
1778,0.6605514600477137,49.937235281896406,3343.7,0.37825520833333337,0.6408780802934216,0.46510673895207605,0.8756695608976436,2,2,17,2,23,15
1779,0.7387116692184466,52.31826654240154,3047.8,0.3720774883099533,0.7731091645066029,0.5603111275558629,0.8827147155928738,2,1,17,1,23,15
1780,0.7629750751021106,52.212280916776244,2896.5,0.3457746478873239,0.767223229945428,0.6089911680957513,0.9127108272651525,2,1,17,1,23,14
1781,0.7205478846375712,52.21155927555798,3247.9,0.3582089552238806,0.7671831534448433,0.495929923907273,0.8985305765605976,2,1,17,1,23,16
1782,0.8100728465570146,51.98617895865366,2459.5,0.3341584158415842,0.7546666089714851,0.7495937967535914,0.9259581339459676,2,1,17,1,23,16
1783,0.7983823155398875,52.53822492646639,2624.0,0.3453846153846154,0.7853246007711837,0.6966667202908575,0.9131556255576213,2,1,17,1,23,16
1784,0.8410596418806771,53.62992614737356,2366.8,0.35884353741496605,0.8459524633582476,0.779419571757211,0.8978068905265727,2,1,17,1,23,14
1785,0.7483407802812609,51.99138858987876,2958.2,0.35610766045548653,0.7549559269643533,0.5891394926079053,0.9009269212715245,2,1,17,1,23,15
1786,0.7430412298388134,50.114464099893574,2547.5,0.3945182724252492,0.6507205208973365,0.7212802239346213,0.8571229446844822,2,2,17,1,23,17
1787,0.6872463554353329,49.88548663368916,3065.4,0.38402777777777775,0.6380042079623381,0.5546484129920689,0.8690864453515915,2,2,17,1,23,17
1788,0.7205302300122831,50.90742543080963,3005.9,0.3630229419703104,0.6947577993091758,0.5737922491594407,0.8930406415682329,2,1,17,1,23,15
1789,0.6696225006955425,50.86261335219077,3428.8,0.37544696066746125,0.6922691508651562,0.43772622705554914,0.8788721241659225,2,1,17,1,23,14
1790,0.787127411085089,51.71163914619161,2606.9,0.3395638629283489,0.7394199813174496,0.7021685622818165,0.9197936896560008,2,1,17,1,23,13
1791,0.7721997417595647,51.58098616199325,2509.9,0.3998371335504886,0.7321641396815984,0.7333778414118176,0.8510572441852783,2,1,17,1,23,16
1792,0.7842189467239484,51.97863193390021,2535.3,0.38041733547351525,0.7542474833252638,0.7252055147117967,0.8732038421347847,2,1,17,1,23,13
1793,0.7665686965173535,51.852079177533,2823.1,0.3394886363636363,0.7472193487256984,0.6326072617879377,0.9198794790384244,2,1,17,1,23,16
1794,0.7478743195608031,51.67037861915098,2824.9,0.37931034482758624,0.7371285690557592,0.6320281205257314,0.874466269100919,2,1,17,1,23,15
1795,0.743880054888019,51.15192252239441,2904.2,0.34219734079776065,0.7083359979844699,0.6065137304740915,0.9167904362054956,2,1,17,1,23,15
1796,0.7287835143715298,51.37529408347338,2993.1,0.3677069199457259,0.7207409857701392,0.5779105870240182,0.8876989703204319,2,1,17,1,23,14
1797,0.789678983656042,51.722013009240925,2561.0,0.34630659253375695,0.7399960960376735,0.7169366644680748,0.9121041904623779,2,1,17,1,23,12
1798,0.7587076022915996,51.88497645630068,2959.5,0.3232876712328767,0.7490463061920991,0.5887212239185341,0.9383552767641657,2,1,17,1,23,14
1799,0.808351218031101,52.756311179801706,2591.1,0.3390625,0.797436067852217,0.7072521355834044,0.9203654506576816,2,1,17,1,23,14
1800,0.7539976494633172,52.14427719397619,2910.8,0.36204481792717086,0.7634466285435311,0.6043902125126686,0.8941561073337518,2,1,17,1,23,14
1801,0.7826179567524362,52.06415987378131,2691.6,0.3446969696969697,0.7589972958995841,0.6749167484435579,0.9139398259141667,2,1,17,1,23,15
1802,0.7023313170831241,51.42576025362754,3200.0,0.3813775510204081,0.7235436354061443,0.5113415163848715,0.8721087994583567,2,1,17,1,23,14
1803,0.7205330474971787,51.25932352025665,3067.0,0.3629139072847682,0.7143005355478654,0.5541336207589967,0.8931649861846743,2,1,17,1,23,16
1804,0.7735688967708894,51.84836958844131,2745.7,0.3427299703264095,0.7470133358959988,0.6575103360628046,0.9161830183538646,2,1,17,1,23,13
1805,0.7631113827878424,51.828523684038736,2746.5,0.36904761904761907,0.7459111893178029,0.6572529399462685,0.886170019099456,2,1,17,1,23,14
1806,0.7487376737672495,51.694191640457944,2841.7,0.3734590282813633,0.7384510303262355,0.6266228020784737,0.8811391888970393,2,1,17,1,23,12
1807,0.7717697631661312,52.31092436974528,2687.9,0.3862951807228915,0.772701415365749,0.6761072054825372,0.8665006686501076,2,1,17,1,23,15
1808,0.7449724373830574,50.956137326868536,2854.4,0.34383954154727797,0.697463024955219,0.6225366387284631,0.9149176484654902,2,1,17,1,23,14
1809,0.7825576356989791,51.34276506753581,2528.4,0.3557692307692308,0.7189344798593768,0.7274255562169205,0.9013128710206401,2,1,17,1,23,15
1810,0.7598881333156899,52.111333230813806,2848.2,0.36260623229461764,0.7616170784492091,0.6245314586316179,0.8935158628662432,2,1,17,1,23,15
1811,0.7555650725769618,52.313987723935476,2974.5,0.34821428571428575,0.7728715394009171,0.5838950467334824,0.9099286315964861,2,1,17,1,23,14
1812,0.84230206705009,52.65619052797358,2200.7,0.35501858736059483,0.7918758458748898,0.8328614404530171,0.9021689148223632,2,1,17,1,23,14
1813,0.6842672930133064,50.523438663498325,3263.5,0.36704119850187267,0.6734330114295254,0.4909106996348192,0.8884581679755745,2,1,17,1,23,15
1814,0.8049737355583492,52.700472624805165,2654.1,0.32745398773006135,0.7943350616661313,0.6869821914061871,0.9336039536027293,2,1,17,1,23,14
1815,0.7675190989089424,53.63812998136026,3061.8,0.35662009314703924,0.8464080650467932,0.5558066955164813,0.9003425361635528,2,1,17,1,23,14
1816,0.6937176153479376,51.02532186111301,3177.0,0.391025641025641,0.7013052029751704,0.5187416547352841,0.8611059883333584,2,1,17,1,23,15
1817,0.7465707907649364,51.01192126420587,2793.9,0.35942028985507246,0.7005609979378292,0.642002220041505,0.8971491543154749,2,1,17,1,23,14
1818,0.7564434263558653,51.27847715293555,2669.6,0.3814984709480122,0.7153642366666885,0.6819951416483003,0.8719709007526071,2,1,17,1,23,13
1819,0.736126720103718,51.9971152231228,2975.2,0.38372093023255816,0.7552739567757677,0.5836698251315133,0.8694363784038733,2,1,17,1,23,15
1820,0.7236205429470368,51.68904633483702,3111.3,0.36321989528795806,0.7381652846696589,0.5398803108058106,0.8928160333656411,2,1,17,1,23,15
1821,0.7694410194716599,51.725801782092795,2745.2,0.3477611940298508,0.7402065063545602,0.6576712086356397,0.9104453434247798,2,1,17,1,23,15
1822,0.8002922754260989,52.16590949318305,2501.9,0.3566775244299674,0.764647982942188,0.7359518025771785,0.9002770407589306,2,1,17,1,23,15
1823,0.7859530390361402,52.56230159168829,2671.3,0.3659090909090909,0.7866617035632966,0.6814481749006611,0.8897492386444631,2,1,17,1,23,14
1824,0.7825963717365019,51.384686990921416,2593.7,0.3392857142857143,0.7212626229096301,0.706415598204662,0.9201108940952134,2,1,17,1,23,15
1825,0.7610689601047619,51.15493920810018,2704.8,0.3533834586466165,0.7085035302752976,0.6706697125207123,0.9040336375182758,2,1,17,1,23,14
1826,0.735856344796869,51.423473433779975,2913.0,0.37404580152671757,0.7234166363730534,0.6036823731921944,0.8804700248253593,2,1,17,1,23,16
1827,0.8311779333505156,54.089931074721264,2465.3,0.3794498381877023,0.8714989361389907,0.7477276749087047,0.8743071890038515,2,1,17,1,23,13
1828,0.7521068213217724,51.033934806696536,2754.9,0.35693215339233036,0.701783524764418,0.6545502807226395,0.8999866584782599,2,1,17,1,23,13
1829,0.6893596120451747,50.760168887804824,3289.0,0.35797905113986445,0.6865798754566013,0.48270619842023127,0.8987927622586916,2,1,17,1,23,16
1830,0.7089929010209601,51.21999416585609,3094.5,0.3835978835978836,0.7121163713749487,0.5452856292530686,0.8695767024348635,2,1,17,1,23,12
1831,0.7903037604305786,51.48845579327224,2480.2,0.3560855263157895,0.7270254457124863,0.7429336722382202,0.9009521633410293,2,1,17,1,23,14
1832,0.779090680754977,52.65638705995224,2811.5,0.34898843930635837,0.7918867603206813,0.636339505477711,0.9090457764665388,2,1,17,1,23,13
1833,0.8033972460743857,52.32692644738904,2522.7,0.3504823151125402,0.773590094196471,0.7292595035472402,0.9073421404794462,2,1,17,1,23,14
1834,0.7785678875121592,51.862671855310055,2629.7,0.3630030959752322,0.7478076153689862,0.6948327729605379,0.8930632742069535,2,1,17,1,23,15
1835,0.7480162653267188,51.60035988706722,2815.9,0.37806637806637805,0.7332400636790161,0.6349238268367625,0.8758849054643781,2,1,17,1,23,14
1836,0.7268949726427967,51.35334104576506,3046.4,0.3565683646112601,0.7195218190896785,0.560761570759801,0.9004015280789104,2,1,17,1,23,13
1837,0.765893917441506,51.847433547698834,2678.7,0.3817771084337349,0.7469613526716296,0.6790672608227023,0.8716531388301864,2,1,17,1,23,15
1838,0.7913899828272615,52.78811220092036,2722.3,0.3482142857142857,0.7992021444138132,0.6650391724714853,0.9099286315964863,2,1,17,1,23,13
1839,0.7799153199872497,53.110873674691014,2899.9,0.34401114206128136,0.8171267724213781,0.6078972346004728,0.9147219529398982,2,1,17,1,23,14
1840,0.6546814562020862,49.650440522906926,3253.6,0.40515075376884424,0.6249508715427933,0.49409597657695337,0.8449975204865121,2,1,17,1,23,14
1841,0.7390541978306902,51.872377483965145,2993.8,0.36469780219780223,0.7483466195481085,0.5776853654220491,0.8911306085219128,2,1,17,1,23,13
1842,0.7703402375985489,51.57615548501853,2693.1,0.3528072837632777,0.7318958669946974,0.6744341307250526,0.9046907150758967,2,1,17,1,23,14
1843,0.7949460324290638,52.344659447821876,2682.3,0.3285498489425982,0.7745749001973333,0.6779089782982898,0.9323542187915682,2,1,17,1,23,14
1844,0.7649176942449607,52.07350384901639,2860.5,0.3440629470672389,0.7595162155780826,0.6205739933398754,0.9146628738169245,2,1,17,1,23,12
1845,0.7176913742633264,51.49019020517908,3136.9,0.36191099476439786,0.7271217666515343,0.5316436350766557,0.8943087210617895,2,1,17,1,23,13
1846,0.7673242296785648,52.02972266729493,2710.3,0.37797619047619047,0.7570848182154393,0.6689001142195266,0.8759877566007288,2,1,17,1,23,15
1847,0.7243015895620601,51.11784689870963,2844.0,0.40902578796561606,0.7064436008791405,0.6258827882434324,0.8405783795636077,2,1,17,1,23,12
1848,0.7370518591933988,51.008015545297305,2869.8,0.3628571428571428,0.7003440929964797,0.6175817634851433,0.8932297210985737,2,1,17,1,23,13
1849,0.77506343411858,51.7732938502833,2587.1,0.3798882681564246,0.7428439885970339,0.7085391161660848,0.8738071975926215,2,1,17,1,23,12
1850,0.750948827868359,51.48399182218009,2900.4,0.3408450704225352,0.7267775381158065,0.6077363620276378,0.9183325834616329,2,1,17,1,23,13
1851,0.7539378094145287,50.94043887147086,2637.2,0.38076923076923075,0.6965912078513702,0.692419684368012,0.872802536024204,2,1,17,1,23,13
1852,0.6468152446573805,50.84737488710853,3532.2,0.4055299539170507,0.6914228794226124,0.4044577789932594,0.8445650755562696,2,1,17,1,23,13
1853,0.7718612760162625,52.9563825858574,2931.8,0.34867503486750345,0.8085470765070077,0.5976335644535962,0.9094031870881838,2,1,17,1,23,15
1854,0.7765657821310274,52.72742891503895,2769.4,0.3709677419354839,0.7958320850538975,0.6498849761104228,0.883980285228762,2,1,17,1,23,13
1855,0.7586806684930802,52.39691276405737,2911.0,0.3619718309859155,0.7774767993761319,0.6043258634835347,0.8942393426195742,2,1,17,1,23,12
1856,0.7899313219333299,52.2102470568702,2684.4,0.33460365853658536,0.7671102790972075,0.6772333134923826,0.9254503732103997,2,1,17,1,23,12
1857,0.7523070737349358,52.49956045243805,3058.0,0.3422638981915606,0.7831773608730331,0.5570293270700277,0.9167145332617465,2,1,17,1,23,14
1858,0.7383956107506322,52.075040472333086,3065.2,0.35615536537195525,0.7596015522851491,0.554712762021203,0.9008725179455445,2,1,17,1,23,14
1859,0.7235340521370779,52.28705949493212,3128.6,0.38768827766863134,0.7713760743996307,0.5343141197857177,0.8649119622258854,2,1,17,1,23,12
1860,0.6880313695627459,50.92467850581455,3290.0,0.36920222634508354,0.695715952547965,0.48238445327456114,0.8859937028657118,2,1,17,1,23,15
1861,0.7143081945447507,52.120353982297814,3322.9,0.3490220048899756,0.7621180478270303,0.47179903798201434,0.9090074978252077,2,1,17,1,23,13
1862,0.7434848382258422,53.2109218007417,3163.0,0.3704896907216495,0.8226829666640244,0.5232460867746657,0.8845254612388369,2,1,17,1,23,12
1863,0.7702246039608095,51.21246440932459,2726.8,0.3258928571428571,0.7116982047231547,0.6635913193159697,0.9353842878433043,2,1,17,1,23,13
1864,0.7531488650422153,52.008896688225455,2907.0,0.3587570621468926,0.755928242979391,0.6056128440662151,0.89790550808104,2,1,17,1,23,13
1865,0.7492513647818491,50.9679920030982,2827.4,0.34077809798270886,0.6981213769545591,0.6312237576615561,0.918408959729432,2,1,17,1,23,12
1866,0.7760385890683836,51.85342088540308,2646.2,0.3645510835913313,0.747293860761429,0.6895239780569811,0.8912979283867408,2,1,17,1,23,13
1867,0.7215437303882308,51.24830583726407,3087.6,0.35390676296782664,0.713688666148336,0.5475056707581923,0.9034368542581644,2,1,17,1,23,13
1868,0.7851329485899115,54.018934471873784,2955.7,0.35876288659793815,0.8675561244986331,0.5899438554720805,0.8978988657990208,2,1,17,1,23,13
1869,0.7448894147238871,51.70602346224816,2844.5,0.383368569415081,0.7391081130993553,0.6257219156705972,0.869838215401709,2,1,17,1,22,12
1870,0.7907570059397375,51.25581943543878,2448.0,0.3526490066225166,0.7141059354423029,0.7532938659287978,0.9048712164481119,2,1,17,1,23,12
1871,0.7266326514373689,51.77002696355286,3034.0,0.3810483870967742,0.7426625613383777,0.5647512105661106,0.8724841824076184,2,1,17,1,23,13
1872,0.6978542668482046,50.73359073358786,3146.9,0.3744292237442922,0.6851038519340253,0.5284261836199545,0.8800327649906342,2,1,17,1,23,12
1873,0.748536241756062,50.34041497178251,2640.0,0.36496913580246915,0.6632687512647314,0.6915187979601357,0.8908211760433191,2,1,17,1,23,14
1874,0.7116333549537959,51.3064133016598,3164.5,0.36111111111111105,0.7169156767069023,0.5227634690561606,0.8952209190983248,2,1,17,1,23,13
1875,0.7687162824738362,51.97498072144371,2723.4,0.36795252225519287,0.7540447124545807,0.6646852528112481,0.8874188821556798,2,1,17,1,23,14
1876,0.8053032163054927,53.128784820344535,2670.9,0.3427051671732523,0.8181214717554653,0.6815768729589291,0.9162113042020839,2,1,17,1,23,12
1877,0.731483636110209,52.09762681362881,3147.1,0.35233160621761656,0.7608558896168264,0.5283618345908205,0.90523318412298,2,1,17,1,23,14
1878,0.7883736171878484,51.693308046597366,2614.2,0.3333333333333333,0.7384019597507557,0.6998198227184247,0.926899069094365,2,1,17,1,23,12
1879,0.7338175911263984,50.921544587759385,2845.8,0.3739255014326648,0.6955419097333481,0.6253036469812261,0.8806072166646213,2,1,17,1,23,12
1880,0.7289871758527471,51.88940533805833,3075.3,0.3690159574468085,0.7492922650950252,0.5514631360499347,0.8862061264132813,2,1,17,1,23,15
1881,0.8326604201808077,53.44782991050412,2373.4,0.3702090592334495,0.8358397095982326,0.7772960537957883,0.8848454971484021,2,1,17,1,23,12
1882,0.7443496921905444,50.79722378540353,2740.0,0.3700147710487445,0.6886377271808353,0.6593442833931242,0.8850670659976737,2,1,17,1,23,15
1883,0.7777159842089091,53.770821800610975,3023.6,0.3470350404312668,0.853777133826688,0.5680973600810797,0.9112734587189597,2,1,17,1,23,12
1884,0.7586795973776782,52.363498881523014,2811.4,0.38844765342960286,0.7756211522082102,0.6363716799922781,0.8640459599325465,2,1,17,1,23,14
1885,0.7639927249900056,51.82417998715912,2783.8,0.35599415204678364,0.7456699611754377,0.6452518460127732,0.9010563677818058,2,1,17,1,23,14
1886,0.7458047727387167,51.370661564673966,2921.6,0.3428770949720671,0.7204837178402111,0.6009153649394314,0.9160152354365074,2,1,17,1,23,14
1887,0.7157578601712711,51.26724592621093,3114.1,0.36257309941520466,0.7147405080699774,0.5389794243979343,0.8935536480459015,2,1,17,1,23,16
1888,0.7206827263495874,52.2692693064133,3203.6,0.3731629392971246,0.7703880924460877,0.510183233860459,0.8814768527422153,2,1,17,1,23,13
1889,0.7339940327733501,50.731944360077506,2856.0,0.3613505747126437,0.6850124202263006,0.6220218464953909,0.8949478315983588,2,1,17,1,23,12
1890,0.7680447997785836,52.143618762071995,2794.5,0.3578717201166181,0.7634100623858262,0.641809172954103,0.898915163995822,2,1,17,1,23,12
1891,0.7578544638353673,52.327165914662764,2917.1,0.3590277777777778,0.7736033930631272,0.602363218094947,0.8975967803480278,2,1,17,1,23,13
1892,0.7439975140201192,50.743523235744384,2798.2,0.3519061583577712,0.6856554555819456,0.6406187159151236,0.9057183705632883,2,1,17,1,23,12
1893,0.7533051360270806,51.408662738179686,2707.0,0.38554216867469876,0.722594121200883,0.669961873200238,0.8673594136801207,2,1,17,1,23,13
1894,0.7601339122024338,51.01846563868008,2704.6,0.3492537313432836,0.7009244411847012,0.6707340615498464,0.9087432338727539,2,1,17,1,23,12
1895,0.7616284696990306,51.68015724902291,2655.0,0.3915384615384615,0.737671627373192,0.686692620775084,0.860521160948816,2,1,17,1,23,13
1896,0.7795489521683452,52.57354488447183,2801.6,0.3465417867435158,0.7872861022511904,0.6395247824198452,0.9118359718339999,2,1,17,1,23,14
1897,0.7760875877374098,51.16138763197342,2584.0,0.3482704402515723,0.7088616448848654,0.7095365261176622,0.9098645922097018,2,1,17,1,23,14
1898,0.7623746609041697,50.320981589610085,2566.9,0.34824281150159747,0.6621895141974938,0.7150383681086211,0.9098961004063945,2,1,17,1,23,12
1899,0.6836703807826237,49.65583140162161,3206.2,0.3425272610647851,0.6252502551540582,0.5093466964817168,0.9164141907120963,2,1,17,1,23,12
1900,0.7492653107910195,52.75209698156819,2933.7,0.3976323119777159,0.7972020314450725,0.5970222486768231,0.8535716522511632,2,1,17,1,23,12
1901,0.7345480609820947,51.99162992302223,3147.7,0.3389391979301423,0.7549693294524882,0.5281687875034186,0.9205060659903774,2,1,17,1,23,13
1902,0.7384774565181127,51.08564357893843,2944.3,0.3418685121107266,0.7046551825751717,0.5936117501327197,0.9171654368464468,2,1,17,1,23,13
1903,0.7796212120578653,51.215270035229196,2592.0,0.3393416927899686,0.711854015762437,0.7069625649523013,0.9200470554588578,2,1,17,1,23,13
1904,0.7974538653191178,51.85176440031401,2492.0,0.3516393442622951,0.7472018675050008,0.7391370795193127,0.90602264893304,2,1,17,1,23,13
1905,0.7569942371545721,49.9686043821649,2589.4,0.3388888888888889,0.6426201700375163,0.7077991023310435,0.9205634390951568,2,1,17,1,23,12
1906,0.7406136915183612,51.92714453583733,3030.1,0.3530210454854039,0.7513881195772523,0.566006016634224,0.9044469383436073,2,1,17,1,23,12
1907,0.7495215769678205,51.66968985101866,2937.3,0.343232044198895,0.7370903181690871,0.5958639661524106,0.9156104465819639,2,1,17,1,23,14
1908,0.7935033243009175,53.177963807272654,2756.8,0.3519061583577712,0.8208526373935979,0.6539389649458662,0.9057183705632883,2,1,17,1,23,13
1909,0.7727229909737875,52.18718209562295,2780.6,0.3516081871345029,0.7658293615033697,0.6462814304789176,0.9060581809390753,2,1,17,1,23,13
1910,0.73393870866329,51.03030924662539,2829.5,0.3835021707670044,0.7015821785044846,0.630548092855649,0.8696858546297366,2,1,17,1,23,13
1911,0.7498415244009313,51.295001693816445,2814.5,0.3587896253602305,0.7162819306058862,0.6353742700407007,0.8978683725562071,2,1,17,1,23,13
1912,0.7192477912653396,51.642141674602385,3142.5,0.36363636363636365,0.7355604242546128,0.529841862260903,0.8923410872805029,2,1,17,1,23,14
1913,0.7828399419513876,52.32781148708259,2633.1,0.3734567901234568,0.7736392450665964,0.6937388394652595,0.8811417413223068,2,1,17,1,23,14
1914,0.7103645322114789,53.13732154996272,3539.8,0.3477259643062752,0.8185955608746515,0.40201251588616643,0.9104855198736187,2,1,17,1,23,12
1915,0.6949335315249741,50.95168374816697,3127.6,0.3981782693558881,0.69721569450219,0.5346358649313878,0.8529490351413445,2,1,17,1,23,13
1916,0.7414057215255847,52.4500578001518,3123.1,0.3501639344262295,0.7804282204094802,0.5360837180869034,0.9077052260803707,2,1,17,1,23,12
1917,0.7809735338809944,51.53068664953818,2575.5,0.3557993730407524,0.7293707454168304,0.7122713598558581,0.9012784963702948,2,1,17,1,23,14
1918,0.6743303318650126,51.731663655903766,3587.4,0.3606370875995449,0.7405320467800064,0.386697446952269,0.8957615018627624,2,1,17,1,23,13
1919,0.7105074356317994,52.097274359389836,3243.4,0.3803258145363409,0.760836315994704,0.49737777706278846,0.8733082138379059,2,1,17,1,23,14
1920,0.7381981532060153,50.497721094276386,2821.2,0.3487031700288184,0.6720047806801218,0.633218577564711,0.9093711013732131,2,1,17,1,23,13
1921,0.7668835228694922,52.468105213416706,2835.1,0.3652737752161383,0.7814304873947344,0.6287463200398964,0.890473761173846,2,1,17,1,23,12
1922,0.733562505905432,50.79156754982922,2793.6,0.38299418604651164,0.688323606919181,0.6420987435852061,0.8702651672119093,2,1,17,1,23,13
1923,0.7896746693354336,52.88840736727793,2761.3,0.3466076696165192,0.8047720580931443,0.6524911117903508,0.9117608381228058,2,1,17,1,23,14
1924,0.7620886349295741,51.74277884994459,2734.6,0.37091988130563797,0.7411493314766158,0.6610817071797429,0.8840348661323638,2,1,17,1,23,14
1925,0.7530657953367492,50.929079023725414,2640.5,0.3815789473684211,0.6959603362585468,0.6913579253873007,0.8718791243644004,2,1,17,1,23,12
1926,0.7140110603395509,50.375975587726494,2992.7,0.3580163043478261,0.6652436177352221,0.5780392850822863,0.8987502782011443,2,1,17,1,23,14
1927,0.7519268683248825,51.65813986669382,2875.8,0.35369318181818177,0.736448887300349,0.6156512926111226,0.9036804250631764,2,1,17,1,23,13
1928,0.7147123339491771,52.18543046357314,3206.8,0.38388324873096447,0.7657320842399709,0.5091536493943146,0.869251268213246,2,1,17,1,23,15
1929,0.7993556231261931,52.79514527399528,2516.8,0.38557993730407525,0.7995927276428003,0.7311577999066938,0.8673163418290855,2,1,17,1,22,13
1930,0.8115909068148206,53.66721067887602,2480.7,0.40604575163398693,0.8480230678508172,0.742772799665385,0.8439768529282596,2,1,17,1,23,13
1931,0.7464374132904841,51.126451332157,2926.3,0.3279944289693594,0.7069214499450722,0.5994031627547818,0.9329876271715982,2,1,17,1,23,12
1932,0.7888637815777759,53.26071807626465,2821.1,0.35,0.8254484135573092,0.633250752079278,0.9078921790967408,2,1,17,1,23,13
1933,0.7396817297443254,50.01704739174656,2677.4,0.3619631901840491,0.645310463015095,0.6794855295120734,0.894249196705808,2,1,17,1,23,12
1934,0.7210867761521644,51.02501392809986,3079.8,0.34643570952698205,0.7012881018489194,0.5500152828944193,0.9119569437131546,2,1,17,1,23,12
1935,0.73179983292545,51.45478853866809,3025.0,0.3546433378196501,0.7251557274720617,0.5676469168771415,0.902596854427147,2,1,17,1,23,14
1936,0.747575257266748,51.43910683191372,2849.1,0.36200716845878134,0.7242848405077286,0.6242418880005147,0.8941990432920008,2,1,17,1,23,13
1937,0.7632236663038697,52.234347375477334,2885.0,0.3494397759103641,0.7684486954851671,0.6126912372709576,0.9085310661554845,2,1,17,1,23,12
1938,0.7476557562728225,50.327382557572626,2656.9,0.3618827160493827,0.6625449933328333,0.6860813049983108,0.8943409704873235,2,1,17,1,23,12
1939,0.7742157391646578,52.826767586254995,2840.0,0.3620689655172414,0.8013488795693998,0.6271697688261128,0.8941285690984613,2,1,17,1,23,14
1940,0.742370365627677,52.26808978182102,3025.8,0.36621621621621625,0.7703225872936437,0.5673895207606054,0.8893989888287821,2,1,17,1,23,12
1941,0.7461995628460776,52.130521990115035,2990.3,0.35945945945945945,0.7626827303325737,0.5788114734318944,0.8971044847737649,2,1,17,1,23,12
1942,0.8137603491844053,52.4028098293285,2332.2,0.3806620209059234,0.7778042941669023,0.7905519537973971,0.8729247995889166,2,1,17,1,23,15
1943,0.7290311158163383,51.66165736367254,3078.0,0.35704787234042556,0.7366442322531547,0.5505944241566255,0.8998546910392348,2,1,17,1,23,12
1944,0.7658409474056002,51.38617727449961,2684.2,0.35790273556231006,0.7213453861293316,0.6772976625215167,0.8988797935659524,2,1,17,1,23,14
1945,0.7642352127494803,52.423640124931254,2902.8,0.350974930362117,0.778961109122557,0.6069641736780295,0.9067803554478546,2,1,17,1,23,14
1946,0.7701805836060835,52.150870064479356,2669.2,0.38795731707317077,0.7638127650278232,0.6821238397065684,0.864605146083859,2,1,17,1,23,12
1947,0.7904964494720728,51.95449844880831,2542.6,0.3606687898089172,0.7529072250294244,0.722856775148405,0.8957253482383891,2,1,17,1,23,14
1948,0.8090860065159537,51.99299324348243,2484.5,0.33003300330033003,0.7550450417480689,0.7415501681118386,0.9306628096879539,2,1,17,1,23,14
1949,0.7306932158579781,50.71428571428302,2899.0,0.3570422535211268,0.6840317435263039,0.608186805231576,0.8998610988160545,2,1,17,1,23,14
1950,0.7053501726026219,52.257806600627674,3339.7,0.37454100367197063,0.769751508609835,0.4663937195347565,0.8799052896632746,2,1,17,1,23,13
1951,0.7587245814186376,52.478770723814364,2961.5,0.3515950069348128,0.7820227988133044,0.5880777336271938,0.9060732118154147,2,1,17,1,23,12
1952,0.7365310724142271,51.923581231361084,3034.7,0.3622895622895623,0.7511902306951989,0.5645259889641415,0.8938769975833412,2,1,17,1,23,12
1953,0.767834816130566,50.32061068702051,2557.3,0.33656957928802594,0.6621689160422448,0.7181271215070542,0.9232084108423991,2,1,17,1,23,12
1954,0.7495527850105798,51.78323675834215,2883.6,0.3638297872340425,0.7433961701389824,0.6131416804748958,0.8921205044178612,2,1,17,1,23,14
1955,0.7440139778809185,52.8338459408379,3013.7,0.39285714285714285,0.8017419775166917,0.5712826370232139,0.8590173191028502,2,1,17,1,23,15
1956,0.7616296592019489,52.12980735760389,2973.8,0.323489010989011,0.7626430430620491,0.5841202683354514,0.9381256662083463,2,1,17,1,23,12
1957,0.7488226771694895,51.4163471574852,2826.6,0.36396526772793053,0.7230208770831644,0.6314811537780923,0.891966000647212,2,1,17,1,23,13
1958,0.7204237191665926,51.71270718231756,3122.5,0.36962190352020863,0.7394792949338879,0.5362767651743053,0.8855150973915848,2,1,17,1,23,12
1959,0.7531219651731172,51.20499725657104,2780.6,0.35534124629080116,0.711283514785662,0.6462814304789176,0.9018009502547721,2,1,17,1,23,13
1960,0.7506509954247972,50.361704120822246,2744.0,0.33110119047619047,0.6644510487449011,0.6580573028104438,0.9294446347190467,2,1,17,1,23,13
1961,0.8133803257116596,53.70201928324277,2642.2,0.35746951219512196,0.8499561711962923,0.6908109586396616,0.8993738472990251,2,1,17,1,23,16
1962,0.7423461538648066,50.03243576069861,2606.2,0.37579113924050633,0.6461650594013562,0.7023937838837857,0.8784796183092781,2,1,17,1,23,13
1963,0.7988929060219636,52.94903563964982,2618.2,0.3656832298136646,0.8081390622659526,0.6985328421357443,0.890006813664194,2,1,17,1,23,14
1964,0.7875410360056954,51.7160145965147,2559.4,0.3520900321543408,0.7396629728941415,0.717451456701147,0.9055086784217976,2,1,17,1,23,13
1965,0.7629850551165136,52.793969228231404,2898.2,0.37359550561797755,0.7995274156878415,0.6084442013481122,0.8809835483135874,2,1,17,1,23,12
1966,0.7689038294432882,52.03536505357595,2833.5,0.33933717579250716,0.7573981693536059,0.6292611122729685,0.9200522067032899,2,1,17,1,23,12
1967,0.7314188738318479,50.794151263151036,2929.0,0.35055865921787716,0.6884670939953514,0.5985344508614726,0.9072550766387198,2,1,17,1,23,13
1968,0.7762985315504679,52.87916679856637,2811.8,0.3670977011494253,0.8042588811182159,0.63624298193401,0.8883937315991781,2,1,17,1,23,15
1969,0.7217969087204957,50.92989985693576,2890.8,0.3932584269662921,0.6960059214077899,0.6108251154260709,0.8585596893276265,2,1,17,1,23,16
1970,0.732037733245484,52.44751244255152,3112.7,0.3776178010471204,0.7802868634265722,0.5394298676018725,0.8763964687080076,2,1,17,1,23,13
1971,0.7605502165761694,52.25428267184688,2872.0,0.3611111111111111,0.7695558064655147,0.6168739241646691,0.8952209190983247,2,1,17,1,23,14
1972,0.7391190885638188,51.17842523476723,3011.0,0.3258807588075881,0.7098078318279722,0.5721513489165232,0.9353980849469611,2,1,17,1,23,13
1973,0.7663939721793138,51.89610389610122,2734.4,0.36711711711711714,0.7496642709596137,0.6611460562088769,0.8883715893694512,2,1,17,1,23,14
1974,0.7763899193471692,50.93421702037423,2448.7,0.3745847176079734,0.6962456760097823,0.7530686443268287,0.8798554377048966,2,1,17,1,23,16
1975,0.7349931294421596,51.992623507713304,3056.4,0.36357526881720426,0.7550245083924448,0.5575441193030999,0.892410760630934,2,1,17,1,23,12
1976,0.7306670199848482,50.49068010075304,2830.1,0.3656609195402299,0.6716137575873244,0.630355045768247,0.8900322565989733,2,1,17,1,23,14
1977,0.7747941248990202,51.35078441546721,2631.4,0.3475232198142415,0.7193798360750809,0.6942858062128987,0.9107167324090812,2,1,17,1,23,14
1978,0.7154394668430513,52.383131038563015,3292.4,0.3674475955610358,0.7767114282805586,0.48161226492495285,0.8879947073236423,2,1,17,1,23,15
1979,0.7008083347899181,51.42529593201231,3218.1,0.3802547770700637,0.7235178492051719,0.5055179292482425,0.8733892259163403,2,1,17,1,23,12
1980,0.7313872423377964,51.07502241705415,2901.1,0.37219101123595505,0.7040653340608501,0.6075111404256688,0.8825852525268705,2,1,17,1,23,15
1981,0.7129085078596546,51.460595959778004,3180.8,0.3606662395900064,0.725478243855019,0.5175190231817376,0.8957282565422074,2,1,17,1,23,14
1982,0.7379519234985392,51.03688585792951,2880.6,0.35884831460674155,0.7019474120306534,0.6141069159119061,0.8978014425530583,2,1,17,1,23,16
1983,0.7135231576018377,51.08297142856857,3141.3,0.35180412371134023,0.7045067841284783,0.5302279564357072,0.9058347322413278,2,1,17,1,23,14
1984,0.7490609838691782,50.35410764872281,2590.7,0.3781645569620253,0.6640291770296636,0.7073808336416725,0.8757729409361987,2,1,17,1,23,14
1985,0.7463921797059748,50.72587532023662,2685.6,0.3765151515151515,0.6846753747907344,0.6768472193175785,0.8776539450096116,2,1,17,1,23,13
1986,0.806635589213436,53.01516959263416,2642.0,0.341820987654321,0.8118118255981598,0.6908753076687955,0.9172196343733526,2,1,17,1,23,13
1987,0.7108128404611207,51.13297413996894,3072.9,0.38066666666666665,0.7072836954827066,0.552235324399543,0.8729195015011123,2,1,17,1,23,15
1988,0.721113870174303,51.29351287925062,3126.0,0.3464052287581699,0.716199248968103,0.53515065716446,0.911991704390346,2,1,17,1,23,14
1989,0.7901993712921873,52.148681324858295,2613.4,0.35093167701863354,0.7636912129012494,0.7000772188349608,0.906829682140352,2,1,17,1,23,14
1990,0.7620703264842712,51.79346418768182,2815.5,0.3506119510439165,0.7439641526315817,0.6350525248950306,0.9071943019262017,2,1,17,1,23,15
